Farmer Name,Farm ID,Farm Size (Acres),Farm Type,Farm Location (Village),Farm Location (District),Crop Type,Brinjal Variety,Planting Start Date,Planting End Date,Expected Harvest (kg),Actual Harvest (kg),Soil Type,Soil pH Level,Seed Type,Seed Variety,Seed Source,Seed Quantity (kg),Seed Cost (Rs.),Fertilizer Type,Fertilizer Brand,Fertilizer Quantity (kg/acre),Fertilizer N-P-K Ratio,Fertilizer Application Schedule,Fertilizer Application Method,Fertilizer Cost (Rs.),Pesticide Type,Pesticide Name,Pesticide Quantity (kg/acre),Pesticide Application Frequency,Pesticide Application Method,Pesticide Cost (Rs.),Major Diseases Observed,Water Source,Irrigation Method,Water Usage (liters/acre),Irrigation Schedule,Irrigation Cost (Rs.),Total Number of Labor Hours,Total Labor Wages,Market Selling Price (Rs./kg),Total Sales Revenue (Rs.),Profit/Loss (Rs.),Buyer Type,Storage Method
Eran Wickramasinghe,6710,2.28,Organic,Hanwella,Colombo,Brinjal,Local,27/10/2024,20/01/2025,241.39,263.97,Sandy,5.0,Local,Variety-5,Certified,8.38,2788.68,Chemical,Brand-4,45.56,07/11/2015,Bi-weekly,Foliar Spray,8731.05,Chemical,Pesticide-5,16.24,As needed,Other,1447.72,Bacterial wilt,Well,Flood Irrigation,2887.35,Daily,4045.21,8,2453.45,154.11,40680.42,4040.16,Retail,Refrigeration
Chandana Fernando,7527,0.7,Mixed,Minuwangoda,Gampaha,Brinjal,Other,07/05/2024,28/08/2024,336.73,274.23,Mixed,5.57,Hybrid,Variety-7,Certified,3.43,989.08,Chemical,Brand-9,35.0,05/10/2014,Bi-weekly,Foliar Spray,3725.53,Organic,Pesticide-9,19.34,Bi-weekly,Drip Irrigation,1725.06,Leaf spot,Rainwater Harvesting,Drip,1338.51,Weekly,1735.96,8,1399.81,100.71,27617.7,8243.59,Retail,Refrigeration
Amara Perera,4828,1.14,Conventional,Bulathsinhala,Kalutara,Brinjal,Hybrid,27/07/2024,16/11/2024,347.8,294.02,Sandy,5.37,Local,Variety-2,Unverified,5.32,2565.13,Organic,Brand-8,13.75,06/07/2015,Bi-weekly,Soil Application,1829.42,Organic,Pesticide-4,19.25,Bi-weekly,Drip Irrigation,1849.45,,Rainwater Harvesting,Sprinkler,1747.22,Daily,3469.49,9,2561.95,371.97,109366.62,76595.58,Direct Consumers,Refrigeration
Chandana Fernando,5629,2.2,Mixed,Pussellawa,Kandy,Brinjal,Hybrid,23/06/2023,04/10/2023,185.83,196.37,Sandy,5.86,GMO,Variety-10,Certified,7.9,2009.19,Chemical,Brand-3,14.57,8-14-10,Monthly,Soil Application,2718.72,Chemical,Pesticide-1,13.15,As needed,Spray,1667.28,Leaf spot,Canal,Drip,982.9,Based on moisture levels,643.28,5,2609.61,444.54,87294.32,67207.8,Retail,Refrigeration
Dinesh Kumara,5543,2.76,Mixed,Rattota,Matale,Brinjal,Other,14/03/2023,21/05/2023,396.72,447.24,Sandy,6.3,Local,Variety-4,Unverified,8.59,3298.35,Organic,Brand-3,13.38,12-13-14,Monthly,Foliar Spray,2568.29,Organic,Pesticide-4,17.78,As needed,Other,2503.52,Bacterial wilt,Rainwater Harvesting,Flood Irrigation,2020.85,Based on moisture levels,3593.12,8,2025.32,313.02,139995.06,111829.22,Wholesale,Refrigeration
Eran Wickramasinghe,2785,4.7,Conventional,Ragala,Nuwara Eliya,Brinjal,Hybrid,25/11/2024,13/02/2025,285.34,310.42,Sandy,6.08,GMO,Variety-9,Certified,6.69,3151.53,Chemical,Brand-1,31.48,11/12/2006,Monthly,Soil Application,3942.66,Organic,Pesticide-10,9.1,As needed,Drip Irrigation,693.71,Bacterial wilt,Rainwater Harvesting,Sprinkler,716.23,Daily,612.55,8,2333.54,353.97,109879.37,82810.6,Retail,Room Temperature
Amara Perera,5238,1.95,Conventional,Welimada,Badulla,Brinjal,Hybrid,22/12/2023,20/03/2024,270.78,297.69,Mixed,6.12,Local,Variety-10,Own-grown,8.3,2627.16,Chemical,Brand-5,25.49,09/06/2007,Weekly,Soil Application,2823.73,Chemical,Pesticide-6,7.9,Weekly,Drip Irrigation,763.65,Leaf spot,Rainwater Harvesting,Flood Irrigation,1943.71,Daily,1584.29,5,1282.28,373.56,111205.08,96994.85,Wholesale,Room Temperature
Dinesh Kumara,2980,4.72,Conventional,Bibile,Monaragala,Brinjal,Hybrid,09/11/2024,29/01/2025,391.19,434.86,Sandy,5.42,Local,Variety-2,Certified,1.39,507.21,Chemical,Brand-1,23.06,15/10/2014,Bi-weekly,Foliar Spray,4436.34,Chemical,Pesticide-8,8.76,As needed,Other,495.63,Bacterial wilt,River,Drip,1069.3,Daily,1584.71,4,1051.07,385.73,167738.55,156510.38,Retail,Refrigeration
Bandara Silva,6736,2.79,Conventional,Balangoda,Ratnapura,Brinjal,Hybrid,08/09/2023,15/11/2023,444.74,387.23,Loamy,5.69,GMO,Variety-2,Unverified,9.89,4859.8,Organic,Brand-1,15.85,12/08/2012,Weekly,Soil Application,1168.46,Chemical,Pesticide-6,9.82,As needed,Spray,499.34,,Rainwater Harvesting,Sprinkler,2812.14,Daily,2666.21,9,1477.51,109.51,42405.56,19914.16,Direct Consumers,Refrigeration
Bandara Silva,1914,2.94,Mixed,Deraniyagala,Kegalle,Brinjal,Hybrid,08/08/2023,21/11/2023,208.4,189.07,Mixed,5.62,Local,Variety-4,Certified,2.96,790.06,Organic,Brand-6,30.94,5-15-15,Monthly,Foliar Spray,4550.59,Chemical,Pesticide-7,10.41,Bi-weekly,Drip Irrigation,1095.04,Leaf spot,River,Flood Irrigation,2485.02,Weekly,4473.66,8,2651.08,226.38,42801.67,10683.68,Direct Consumers,Refrigeration
Chandana Fernando,6945,3.61,Conventional,Wariyapola,Kurunegala,Brinjal,Other,08/12/2024,06/02/2025,218.34,181.55,Loamy,6.49,Hybrid,Variety-6,Unverified,6.21,2575.01,Organic,Brand-5,25.49,13-15-9,Monthly,Soil Application,1990.45,Organic,Pesticide-9,14.28,Bi-weekly,Other,1105.91,Fungal wilt,Canal,Sprinkler,2234.79,Weekly,1273.93,5,1664.23,274.27,49793.72,34527.27,Retail,Room Temperature
Amara Perera,3269,4.21,Organic,Nawagattegama,Puttalam,Brinjal,Other,26/07/2024,05/10/2024,247.62,223.96,Clayey,6.57,Local,Variety-2,Own-grown,7.0,2430.87,Chemical,Brand-5,10.89,6-14-6,Monthly,Soil Application,764.3,Chemical,Pesticide-6,5.4,As needed,Drip Irrigation,609.73,Fungal wilt,Well,Sprinkler,1716.41,Weekly,3107.19,7,1665.54,189.74,42494.17,23923.3,Direct Consumers,Refrigeration
Dinesh Kumara,9818,1.35,Conventional,Mihintale,Anuradhapura,Brinjal,Local,14/02/2023,23/05/2023,120.0,102.25,Clayey,6.36,Local,Variety-10,Unverified,8.54,3504.58,Organic,Brand-2,25.4,06/08/2013,Monthly,Foliar Spray,3121.53,Chemical,Pesticide-3,11.16,Bi-weekly,Drip Irrigation,1070.08,Bacterial wilt,Canal,Drip,2354.65,Based on moisture levels,1576.64,8,1585.3,379.51,38804.9,16849.67,Wholesale,Room Temperature
Bandara Silva,7587,4.34,Conventional,Hingurakgoda,Polonnaruwa,Brinjal,Other,07/09/2024,13/12/2024,273.91,256.89,Clayey,5.41,Local,Variety-3,Certified,6.78,2972.34,Chemical,Brand-9,49.65,11/10/2011,Bi-weekly,Foliar Spray,8493.92,Chemical,Pesticide-5,8.63,Bi-weekly,Spray,891.09,,River,Drip,2374.54,Daily,3768.8,7,1513.62,453.15,116409.7,89688.21,Retail,Room Temperature
Eran Wickramasinghe,6558,2.02,Mixed,Kantalai,Trincomalee,Brinjal,Local,01/02/2024,31/05/2024,273.76,288.56,Sandy,5.32,Hybrid,Variety-6,Own-grown,4.75,2346.1,Organic,Brand-1,44.71,13-15-10,Bi-weekly,Soil Application,7206.08,Chemical,Pesticide-2,6.44,Weekly,Spray,572.96,Leaf spot,Canal,Sprinkler,910.72,Daily,1819.22,4,2798.22,349.84,100949.83,77812.59,Direct Consumers,Room Temperature
Chandana Fernando,4708,2.07,Conventional,Eravur,Batticaloa,Brinjal,Other,07/02/2024,05/05/2024,232.82,220.4,Mixed,5.3,GMO,Variety-9,Certified,3.44,895.99,Chemical,Brand-1,31.7,06/08/2006,Monthly,Soil Application,2698.27,Organic,Pesticide-5,7.06,As needed,Drip Irrigation,462.41,,Well,Sprinkler,589.5,Daily,1147.63,3,1828.6,258.55,56984.42,46294.32,Wholesale,Room Temperature
Eran Wickramasinghe,5640,3.85,Mixed,Uhana,Ampara,Brinjal,Hybrid,12/03/2024,05/06/2024,279.88,242.5,Mixed,5.28,GMO,Variety-7,Own-grown,1.12,371.75,Chemical,Brand-9,44.54,11/12/2012,Bi-weekly,Soil Application,2305.6,Chemical,Pesticide-7,5.98,Weekly,Drip Irrigation,534.46,Fungal wilt,Canal,Sprinkler,2003.48,Daily,1547.16,7,2595.74,456.57,110718.22,87789.07,Direct Consumers,Room Temperature
Dinesh Kumara,9135,4.77,Organic,Chavakachcheri,Jaffna,Brinjal,Hybrid,22/09/2024,15/01/2025,279.77,239.06,Sandy,5.72,Local,Variety-5,Certified,7.74,2032.07,Organic,Brand-1,46.17,14/12/2015,Monthly,Foliar Spray,6482.1,Chemical,Pesticide-7,16.04,Bi-weekly,Drip Irrigation,1540.86,Bacterial wilt,Well,Drip,1462.24,Daily,2680.59,8,2358.57,467.08,111660.14,80055.96,Retail,Refrigeration
Bandara Silva,9611,3.12,Conventional,Paranthan,Kilinochchi,Brinjal,Other,20/07/2023,18/10/2023,326.11,317.58,Mixed,6.42,Local,Variety-7,Unverified,3.57,1500.81,Organic,Brand-2,25.81,10-15-8,Weekly,Soil Application,4219.24,Chemical,Pesticide-4,6.79,Bi-weekly,Other,339.7,,Well,Sprinkler,2600.25,Daily,2775.31,4,1650.38,128.67,40863.02,25426.44,Retail,Refrigeration
Bandara Silva,1840,3.58,Conventional,Oddusuddan,Mullaitivu,Brinjal,Other,03/12/2024,16/02/2025,440.19,464.55,Mixed,6.02,Local,Variety-2,Certified,2.22,1101.42,Chemical,Brand-6,30.54,5-13-10,Monthly,Foliar Spray,2609.12,Organic,Pesticide-3,18.97,As needed,Other,2174.06,Bacterial wilt,Rainwater Harvesting,Sprinkler,2115.25,Daily,2531.68,10,2754.23,471.6,219081.78,183123.2,Retail,Refrigeration
Bandara Silva,4720,1.85,Organic,Vavuniya South,Vavuniya,Brinjal,Other,26/12/2024,03/04/2025,276.79,278.31,Sandy,6.64,GMO,Variety-6,Own-grown,3.71,1384.2,Chemical,Brand-7,27.73,09/05/2007,Weekly,Soil Application,3753.68,Organic,Pesticide-8,10.57,As needed,Other,925.0,Leaf spot,Rainwater Harvesting,Flood Irrigation,1512.93,Daily,803.61,3,2654.68,274.7,76451.76,61621.23,Wholesale,Room Temperature
Chandana Fernando,5610,3.63,Organic,Murunkan,Mannar,Brinjal,Local,24/05/2023,08/09/2023,223.26,257.47,Loamy,5.07,Local,Variety-2,Own-grown,2.21,979.08,Chemical,Brand-3,31.58,15/05/2014,Weekly,Soil Application,2941.22,Chemical,Pesticide-2,5.79,Bi-weekly,Other,683.58,,Canal,Drip,1884.05,Based on moisture levels,2893.08,4,2797.82,149.83,38576.73,19888.49,Wholesale,Refrigeration
Chandana Fernando,1936,3.97,Organic,Suriyawewa,Hambantota,Brinjal,Local,20/10/2023,06/02/2024,355.06,312.38,Clayey,5.76,GMO,Variety-4,Own-grown,4.34,1699.85,Chemical,Brand-10,21.12,8-15-9,Weekly,Soil Application,1248.72,Chemical,Pesticide-1,14.82,Weekly,Other,1871.24,Bacterial wilt,Well,Flood Irrigation,1891.18,Weekly,2130.84,7,2137.82,314.94,98380.96,76465.57,Retail,Refrigeration
Chandana Fernando,9107,2.79,Organic,Akuressa,Matara,Brinjal,Hybrid,31/03/2024,12/06/2024,484.63,575.14,Clayey,5.81,Local,Variety-10,Certified,7.79,2172.97,Organic,Brand-8,10.03,09/07/2005,Weekly,Foliar Spray,1382.3,Chemical,Pesticide-10,16.82,Weekly,Other,860.64,,Canal,Drip,2087.05,Daily,1861.61,6,1126.31,328.03,188663.17,175627.79,Direct Consumers,Refrigeration
Bandara Silva,3366,4.84,Organic,Udugama,Galle,Brinjal,Hybrid,26/01/2023,27/03/2023,349.41,298.55,Clayey,6.67,GMO,Variety-5,Unverified,9.23,4033.3,Organic,Brand-5,12.1,12-13-12,Bi-weekly,Soil Application,1157.3,Organic,Pesticide-1,12.24,Weekly,Drip Irrigation,1769.18,Fungal wilt,Rainwater Harvesting,Sprinkler,2472.95,Daily,1718.98,3,1863.28,319.46,95374.78,81106.18,Wholesale,Room Temperature
Chandana Fernando,6502,4.98,Organic,Agalawatta,Kalutara,Brinjal,Hybrid,17/02/2024,31/05/2024,453.99,481.26,Loamy,5.34,GMO,Variety-7,Own-grown,9.99,3545.25,Chemical,Brand-1,41.05,11/10/2015,Monthly,Soil Application,6937.38,Chemical,Pesticide-9,14.81,Weekly,Spray,1566.5,Fungal wilt,Canal,Flood Irrigation,2660.74,Based on moisture levels,1645.6,7,1487.35,301.5,145099.89,120993.71,Wholesale,Refrigeration
Dinesh Kumara,9428,3.22,Organic,Galaha,Kandy,Brinjal,Local,10/10/2023,16/01/2024,342.0,297.42,Clayey,5.85,GMO,Variety-10,Certified,6.85,2399.43,Organic,Brand-6,28.99,7-15-7,Monthly,Foliar Spray,4955.09,Chemical,Pesticide-5,7.77,Bi-weekly,Drip Irrigation,744.76,Bacterial wilt,Rainwater Harvesting,Sprinkler,2743.06,Weekly,2631.99,10,1915.39,479.84,142714.01,112828.84,Direct Consumers,Refrigeration
Dinesh Kumara,1772,2.66,Mixed,Kandapola,Nuwara Eliya,Brinjal,Local,30/07/2024,18/11/2024,412.69,444.81,Mixed,5.8,Hybrid,Variety-4,Own-grown,1.7,824.55,Chemical,Brand-3,23.26,05/12/2010,Weekly,Soil Application,2800.97,Chemical,Pesticide-9,14.57,Bi-weekly,Spray,1701.76,,Well,Flood Irrigation,1902.61,Based on moisture levels,3717.43,6,1317.91,101.08,44961.39,28009.22,Wholesale,Room Temperature
Amara Perera,9835,2.8,Conventional,Uva Paranagama,Badulla,Brinjal,Other,22/10/2023,10/02/2024,119.17,125.69,Loamy,6.17,Local,Variety-8,Certified,3.28,761.23,Chemical,Brand-10,21.07,7-14-9,Monthly,Foliar Spray,1476.51,Organic,Pesticide-10,19.85,As needed,Other,2372.55,Leaf spot,Rainwater Harvesting,Drip,1556.47,Based on moisture levels,2071.41,9,2661.87,300.56,37777.39,7138.86,Retail,Refrigeration
Amara Perera,3613,3.01,Conventional,Medagama,Monaragala,Brinjal,Other,18/09/2024,11/12/2024,296.12,288.7,Mixed,5.41,Local,Variety-8,Unverified,2.24,1102.81,Chemical,Brand-5,25.9,12/06/2011,Monthly,Soil Application,4019.37,Organic,Pesticide-7,14.88,Bi-weekly,Other,1931.68,Leaf spot,Well,Drip,1929.71,Weekly,3334.5,7,1974.72,214.26,61856.86,37645.46,Wholesale,Refrigeration
Eran Wickramasinghe,7519,2.11,Mixed,Kahawatta,Ratnapura,Brinjal,Local,25/01/2023,26/04/2023,116.95,123.94,Clayey,6.52,Hybrid,Variety-8,Own-grown,2.6,1020.77,Organic,Brand-2,41.3,11/09/2015,Weekly,Foliar Spray,2323.98,Chemical,Pesticide-10,19.82,Weekly,Spray,2499.2,Fungal wilt,Well,Drip,1441.32,Based on moisture levels,2238.14,7,1490.04,414.16,51330.99,32818.62,Direct Consumers,Room Temperature
Dinesh Kumara,9531,0.72,Organic,Warakapola,Kegalle,Brinjal,Local,27/09/2023,08/12/2023,263.9,225.91,Loamy,5.18,GMO,Variety-9,Unverified,3.76,1275.97,Chemical,Brand-1,17.94,14-13-8,Weekly,Foliar Spray,3174.07,Organic,Pesticide-5,11.87,Weekly,Other,855.99,,River,Drip,1771.22,Weekly,3390.67,5,2723.67,286.13,64639.63,42324.58,Wholesale,Refrigeration
Bandara Silva,7365,1.29,Conventional,Ibbagamuwa,Kurunegala,Brinjal,Local,19/11/2024,15/03/2025,132.26,120.15,Clayey,5.89,Local,Variety-3,Unverified,3.6,1672.13,Organic,Brand-9,11.11,08/10/2010,Weekly,Soil Application,1933.97,Chemical,Pesticide-3,15.93,Weekly,Other,1468.29,,Well,Flood Irrigation,1248.33,Based on moisture levels,2136.36,10,2251.82,409.62,49215.84,19486.89,Wholesale,Refrigeration
Bandara Silva,1466,2.53,Conventional,Chilaw,Puttalam,Brinjal,Other,28/10/2023,01/01/2024,237.63,217.4,Mixed,5.93,GMO,Variety-2,Own-grown,5.33,1736.64,Organic,Brand-7,42.01,07/07/2012,Bi-weekly,Foliar Spray,2507.54,Chemical,Pesticide-9,9.12,As needed,Spray,944.99,Fungal wilt,River,Sprinkler,2086.46,Based on moisture levels,3577.38,4,1488.24,137.18,29822.93,15103.42,Direct Consumers,Refrigeration
Bandara Silva,4409,3.19,Organic,Thalawa,Anuradhapura,Brinjal,Local,26/02/2023,27/05/2023,228.68,266.14,Mixed,6.63,GMO,Variety-10,Certified,8.53,2758.52,Chemical,Brand-7,24.32,06/08/2008,Weekly,Foliar Spray,1503.86,Chemical,Pesticide-1,9.75,Weekly,Other,741.25,Leaf spot,Rainwater Harvesting,Flood Irrigation,1032.32,Based on moisture levels,1629.09,3,1837.06,362.68,96523.66,84379.76,Wholesale,Room Temperature
Dinesh Kumara,3991,2.35,Mixed,Medirigiriya,Polonnaruwa,Brinjal,Local,05/10/2024,25/01/2025,363.84,327.82,Loamy,6.68,GMO,Variety-1,Certified,7.53,3711.05,Chemical,Brand-7,24.71,11/06/2009,Bi-weekly,Soil Application,4583.58,Chemical,Pesticide-8,13.22,Bi-weekly,Drip Irrigation,835.05,Bacterial wilt,Well,Flood Irrigation,2373.52,Weekly,1371.68,9,2297.35,224.76,73680.82,42503.31,Direct Consumers,Room Temperature
Dinesh Kumara,9408,2.7,Mixed,Muttur,Trincomalee,Brinjal,Hybrid,08/06/2023,13/09/2023,337.38,290.82,Mixed,6.78,Hybrid,Variety-4,Unverified,1.3,608.74,Chemical,Brand-8,40.0,10/12/2010,Bi-weekly,Foliar Spray,5702.6,Chemical,Pesticide-10,17.04,Bi-weekly,Other,1123.19,Leaf spot,Rainwater Harvesting,Drip,1001.19,Based on moisture levels,1404.6,6,1028.57,176.61,51361.72,36351.17,Wholesale,Refrigeration
Chandana Fernando,3987,2.85,Conventional,Kiran,Batticaloa,Brinjal,Local,18/02/2024,27/04/2024,478.73,419.84,Sandy,6.13,Hybrid,Variety-10,Own-grown,7.67,1542.22,Chemical,Brand-3,46.11,05/11/2007,Weekly,Soil Application,8775.9,Organic,Pesticide-9,10.37,Weekly,Other,1228.82,Leaf spot,Rainwater Harvesting,Drip,1139.75,Daily,2104.21,8,1756.78,244.9,102818.82,75113.43,Wholesale,Refrigeration
Amara Perera,9146,2.86,Organic,Damana,Ampara,Brinjal,Hybrid,14/05/2023,20/07/2023,187.9,196.01,Sandy,6.43,Hybrid,Variety-8,Own-grown,4.34,1747.05,Chemical,Brand-3,34.51,10/09/2007,Bi-weekly,Soil Application,2040.79,Organic,Pesticide-3,9.33,Weekly,Other,569.67,Leaf spot,Canal,Drip,2008.72,Daily,1231.13,3,2686.4,410.27,80417.02,66769.18,Wholesale,Refrigeration
Chandana Fernando,8761,1.0,Organic,Kopay,Jaffna,Brinjal,Other,13/01/2024,19/03/2024,163.26,166.14,Clayey,6.69,Hybrid,Variety-8,Own-grown,4.46,930.92,Chemical,Brand-6,35.86,15/05/2012,Monthly,Foliar Spray,5840.95,Organic,Pesticide-5,9.62,As needed,Drip Irrigation,673.3,Fungal wilt,Well,Flood Irrigation,2914.3,Daily,2100.89,3,2708.4,153.66,25529.07,7857.81,Direct Consumers,Room Temperature
Eran Wickramasinghe,7384,1.89,Mixed,Dharmapuram,Kilinochchi,Brinjal,Hybrid,05/03/2024,30/06/2024,141.18,118.42,Clayey,6.18,Local,Variety-4,Own-grown,4.59,1160.02,Organic,Brand-2,39.42,12-14-11,Weekly,Soil Application,5345.28,Organic,Pesticide-1,5.67,Bi-weekly,Other,435.96,,Well,Drip,570.48,Based on moisture levels,907.01,10,1855.26,480.76,56931.6,30530.73,Direct Consumers,Refrigeration
Eran Wickramasinghe,3395,1.3,Conventional,Puthukudiyiruppu,Mullaitivu,Brinjal,Hybrid,27/06/2024,01/09/2024,238.36,265.8,Mixed,5.69,Hybrid,Variety-7,Own-grown,2.79,703.68,Organic,Brand-4,47.36,05/12/2011,Weekly,Soil Application,4082.62,Chemical,Pesticide-8,19.47,As needed,Drip Irrigation,1349.85,,Well,Drip,1440.87,Based on moisture levels,2542.8,6,2049.46,279.28,74232.62,53256.91,Wholesale,Refrigeration
Eran Wickramasinghe,6503,2.6,Conventional,Nedunkeni,Vavuniya,Brinjal,Local,25/04/2023,29/07/2023,444.16,468.91,Sandy,6.1,GMO,Variety-6,Unverified,9.11,2256.1,Organic,Brand-10,23.63,12/08/2005,Monthly,Soil Application,1265.45,Organic,Pesticide-10,19.59,As needed,Spray,1662.04,Bacterial wilt,Well,Sprinkler,1622.72,Weekly,1933.95,9,1472.91,482.06,226042.75,205669.02,Direct Consumers,Refrigeration
Bandara Silva,4538,1.33,Organic,Vankalai,Mannar,Brinjal,Hybrid,02/11/2024,31/01/2025,411.14,347.48,Mixed,5.97,Hybrid,Variety-1,Unverified,4.47,1279.0,Chemical,Brand-7,39.14,5-14-9,Monthly,Foliar Spray,6687.29,Organic,Pesticide-5,5.66,Weekly,Drip Irrigation,390.31,Leaf spot,Canal,Sprinkler,1910.05,Based on moisture levels,3026.38,9,2380.96,232.43,80764.78,47953.16,Wholesale,Room Temperature
Bandara Silva,6713,0.85,Conventional,Weeraketiya,Hambantota,Brinjal,Other,17/12/2023,27/03/2024,420.16,354.06,Sandy,5.9,Local,Variety-3,Certified,6.04,1625.01,Organic,Brand-7,47.29,10-14-6,Bi-weekly,Foliar Spray,5210.71,Organic,Pesticide-5,18.5,Weekly,Spray,2113.68,Leaf spot,River,Flood Irrigation,1183.31,Based on moisture levels,1156.99,7,2304.43,250.02,88522.08,62284.68,Wholesale,Refrigeration
Bandara Silva,4242,4.35,Mixed,Deniyaya,Matara,Brinjal,Hybrid,07/06/2024,12/09/2024,216.54,179.18,Loamy,5.64,Local,Variety-9,Certified,9.38,2811.23,Organic,Brand-5,12.86,5-13-13,Monthly,Foliar Spray,2559.35,Chemical,Pesticide-1,8.45,Weekly,Spray,977.28,Fungal wilt,Rainwater Harvesting,Flood Irrigation,1741.66,Weekly,2918.64,7,2672.14,457.23,81926.47,53954.99,Retail,Refrigeration
Eran Wickramasinghe,4899,3.45,Conventional,Baddegama,Galle,Brinjal,Hybrid,19/03/2024,16/06/2024,127.36,122.65,Loamy,6.95,GMO,Variety-10,Certified,4.7,1667.53,Chemical,Brand-9,14.54,7-14-8,Bi-weekly,Soil Application,1594.8,Organic,Pesticide-9,15.48,Weekly,Drip Irrigation,1763.56,Bacterial wilt,River,Drip,1870.8,Daily,2013.72,6,1520.53,453.52,55624.23,39461.44,Direct Consumers,Room Temperature
Dinesh Kumara,2970,0.56,Organic,Avissawella,Colombo,Brinjal,Hybrid,31/08/2023,03/11/2023,421.33,503.08,Clayey,5.75,GMO,Variety-2,Own-grown,7.13,1453.92,Organic,Brand-10,22.7,07/11/2008,Monthly,Soil Application,2842.72,Chemical,Pesticide-6,18.82,As needed,Drip Irrigation,1930.66,Leaf spot,River,Sprinkler,1654.82,Weekly,2515.42,4,1937.41,196.38,98794.85,82302.49,Direct Consumers,Room Temperature
Amara Perera,6180,3.03,Conventional,Divulapitiya,Gampaha,Brinjal,Local,12/07/2023,18/09/2023,284.92,234.9,Sandy,5.72,GMO,Variety-3,Unverified,7.75,3740.96,Chemical,Brand-6,19.59,10-15-14,Monthly,Soil Application,2823.54,Organic,Pesticide-6,15.36,As needed,Other,1593.76,Leaf spot,River,Sprinkler,1648.16,Weekly,1404.43,10,1269.6,124.44,29230.96,6972.27,Retail,Room Temperature
Chandana Fernando,7612,1.77,Conventional,Horana,Kalutara,Brinjal,Other,08/01/2024,10/03/2024,304.72,326.32,Sandy,6.7,Hybrid,Variety-10,Own-grown,8.11,3038.62,Chemical,Brand-7,46.17,14/07/2015,Monthly,Foliar Spray,8507.94,Chemical,Pesticide-6,14.54,Weekly,Spray,1879.65,Fungal wilt,Well,Drip,2827.49,Daily,5274.26,2,1540.09,231.69,75605.08,53824.43,Retail,Room Temperature
Dinesh Kumara,2767,1.2,Conventional,Ududumbara,Kandy,Brinjal,Hybrid,29/02/2024,24/05/2024,129.36,151.19,Mixed,5.31,GMO,Variety-8,Own-grown,1.88,801.51,Organic,Brand-5,25.7,06/07/2006,Weekly,Foliar Spray,5074.22,Organic,Pesticide-9,11.34,Bi-weekly,Other,1205.15,,Rainwater Harvesting,Sprinkler,681.26,Based on moisture levels,754.16,4,2259.28,491.89,74368.85,57496.69,Direct Consumers,Refrigeration
Eran Wickramasinghe,5740,2.91,Mixed,Wilgamuwa,Matale,Brinjal,Hybrid,11/11/2024,11/02/2025,335.13,329.14,Loamy,6.61,Local,Variety-4,Own-grown,2.18,451.26,Chemical,Brand-3,10.27,15/09/2006,Weekly,Soil Application,813.26,Chemical,Pesticide-7,15.4,As needed,Drip Irrigation,1424.39,Fungal wilt,Rainwater Harvesting,Flood Irrigation,2765.7,Weekly,3982.83,9,2678.52,423.79,139486.24,108707.82,Wholesale,Room Temperature
Eran Wickramasinghe,4844,3.2,Organic,Tawalantenna,Nuwara Eliya,Brinjal,Local,22/11/2023,03/03/2024,286.1,320.56,Loamy,5.78,GMO,Variety-5,Unverified,4.73,2360.28,Organic,Brand-2,15.86,14/08/2011,Bi-weekly,Soil Application,1172.41,Chemical,Pesticide-4,5.11,Weekly,Other,393.71,Bacterial wilt,Well,Sprinkler,2098.52,Weekly,1668.05,9,2611.07,192.75,61787.94,32693.86,Direct Consumers,Refrigeration
Eran Wickramasinghe,4800,4.67,Organic,Bandarawela,Badulla,Brinjal,Hybrid,17/11/2024,09/03/2025,161.76,176.29,Sandy,5.16,GMO,Variety-3,Own-grown,6.85,1906.02,Organic,Brand-6,36.45,06/06/2009,Weekly,Soil Application,2776.7,Organic,Pesticide-7,17.78,Weekly,Spray,1276.9,,Canal,Drip,836.13,Weekly,450.67,10,1221.28,375.39,66177.5,47554.41,Direct Consumers,Refrigeration
Bandara Silva,2008,0.74,Mixed,Sewanagala,Monaragala,Brinjal,Hybrid,14/04/2024,28/06/2024,264.93,303.68,Clayey,6.02,Local,Variety-7,Unverified,1.85,758.76,Chemical,Brand-5,41.37,08/10/2006,Weekly,Soil Application,7910.42,Chemical,Pesticide-8,6.38,Bi-weekly,Spray,746.27,Bacterial wilt,Well,Flood Irrigation,2064.5,Based on moisture levels,1657.83,10,1765.5,378.39,114909.48,86181.2,Wholesale,Refrigeration
Chandana Fernando,8748,1.2,Organic,Opanayaka,Ratnapura,Brinjal,Hybrid,19/07/2023,02/10/2023,339.27,390.34,Clayey,6.25,Local,Variety-10,Unverified,8.74,2553.96,Organic,Brand-7,13.73,12/07/2009,Monthly,Soil Application,1642.44,Chemical,Pesticide-7,9.6,Weekly,Spray,715.57,Bacterial wilt,Rainwater Harvesting,Sprinkler,2235.85,Based on moisture levels,1553.03,2,2474.32,116.44,45451.19,34037.55,Retail,Refrigeration
Eran Wickramasinghe,2219,1.1,Organic,Rambukkana,Kegalle,Brinjal,Local,07/09/2024,09/12/2024,448.1,447.51,Loamy,6.49,Hybrid,Variety-9,Certified,5.33,2490.14,Organic,Brand-9,49.33,08/06/2015,Bi-weekly,Soil Application,8058.54,Organic,Pesticide-5,19.93,Weekly,Drip Irrigation,1344.67,Fungal wilt,River,Flood Irrigation,1646.18,Daily,2429.62,6,1271.54,451.94,202247.67,180295.46,Wholesale,Room Temperature
Dinesh Kumara,9128,3.27,Mixed,Panduwasnuwara,Kurunegala,Brinjal,Local,11/11/2023,22/02/2024,189.42,176.45,Clayey,6.76,Hybrid,Variety-8,Unverified,9.77,3801.17,Chemical,Brand-5,22.62,05/12/2010,Weekly,Soil Application,1219.01,Chemical,Pesticide-7,15.35,Weekly,Spray,1925.49,Fungal wilt,Canal,Drip,2314.46,Based on moisture levels,2721.43,4,2775.28,121.81,21493.37,725.15,Direct Consumers,Room Temperature
Eran Wickramasinghe,2097,3.61,Conventional,Wanathawilluwa,Puttalam,Brinjal,Other,19/08/2023,30/11/2023,345.19,398.49,Loamy,6.24,Hybrid,Variety-9,Unverified,2.58,836.01,Chemical,Brand-2,14.19,09/07/2014,Weekly,Soil Application,1600.92,Chemical,Pesticide-6,5.71,Bi-weekly,Spray,770.18,Bacterial wilt,Rainwater Harvesting,Flood Irrigation,685.7,Daily,694.2,8,2084.14,408.83,162914.67,142340.24,Retail,Room Temperature
Amara Perera,5424,3.77,Conventional,Nochchiyagama,Anuradhapura,Brinjal,Local,16/08/2024,06/11/2024,476.58,418.98,Sandy,5.09,Hybrid,Variety-3,Certified,2.61,1279.28,Organic,Brand-4,16.39,05/12/2008,Weekly,Soil Application,2473.34,Organic,Pesticide-7,12.78,Bi-weekly,Drip Irrigation,1430.32,Leaf spot,Rainwater Harvesting,Drip,2611.01,Based on moisture levels,4808.35,9,2375.72,454.14,190275.58,158902.81,Wholesale,Refrigeration
Chandana Fernando,3716,0.52,Conventional,Thamankaduwa,Polonnaruwa,Brinjal,Hybrid,18/02/2024,03/05/2024,182.05,190.8,Loamy,5.73,Hybrid,Variety-5,Unverified,1.41,324.59,Organic,Brand-9,48.77,10-14-5,Monthly,Foliar Spray,5125.8,Chemical,Pesticide-8,16.65,As needed,Spray,1730.84,Bacterial wilt,River,Drip,1144.51,Based on moisture levels,1480.84,4,2443.89,363.92,69435.94,50998.31,Direct Consumers,Room Temperature
Chandana Fernando,9324,4.9,Mixed,Nilaveli,Trincomalee,Brinjal,Other,17/08/2023,16/10/2023,188.88,207.68,Clayey,5.4,Hybrid,Variety-3,Unverified,2.54,611.64,Chemical,Brand-6,49.52,09/10/2013,Bi-weekly,Foliar Spray,4406.42,Chemical,Pesticide-6,18.16,Bi-weekly,Drip Irrigation,1948.95,Bacterial wilt,Canal,Drip,670.03,Daily,650.54,2,1415.62,242.68,50399.78,39950.99,Wholesale,Room Temperature
Eran Wickramasinghe,7679,4.03,Mixed,Valaichchenai,Batticaloa,Brinjal,Local,23/05/2023,05/09/2023,185.75,209.37,Loamy,5.27,GMO,Variety-10,Own-grown,5.46,2529.03,Chemical,Brand-9,45.16,10/09/2005,Bi-weekly,Soil Application,4612.45,Chemical,Pesticide-8,8.27,As needed,Spray,782.56,,Well,Flood Irrigation,2772.69,Daily,2230.34,8,1359.4,457.98,95887.27,74857.69,Wholesale,Room Temperature
Dinesh Kumara,4336,4.82,Conventional,Lahugala,Ampara,Brinjal,Other,21/11/2023,16/02/2024,236.66,221.78,Mixed,6.0,GMO,Variety-2,Unverified,6.05,1558.25,Chemical,Brand-6,11.06,7-13-12,Weekly,Soil Application,2181.52,Chemical,Pesticide-7,14.16,As needed,Other,881.8,Leaf spot,Rainwater Harvesting,Sprinkler,665.62,Daily,1001.28,8,2452.12,367.73,81555.16,56315.35,Wholesale,Room Temperature
Bandara Silva,4518,4.59,Mixed,Karainagar,Jaffna,Brinjal,Local,07/03/2023,04/06/2023,254.31,297.32,Mixed,5.79,GMO,Variety-10,Unverified,7.48,3017.17,Organic,Brand-2,11.38,10/09/2008,Bi-weekly,Foliar Spray,1642.12,Organic,Pesticide-5,6.43,Weekly,Drip Irrigation,955.54,,Well,Sprinkler,2960.19,Weekly,5629.37,6,1755.9,264.03,78501.4,56721.8,Retail,Refrigeration
Dinesh Kumara,7337,2.94,Mixed,Kandawalai,Kilinochchi,Brinjal,Local,11/01/2023,04/05/2023,168.33,156.73,Loamy,5.26,GMO,Variety-10,Certified,7.28,3218.57,Chemical,Brand-5,32.84,07/07/2011,Monthly,Soil Application,4708.8,Organic,Pesticide-1,10.64,Weekly,Spray,749.45,Fungal wilt,River,Drip,2754.03,Based on moisture levels,3786.04,7,2220.75,398.51,62458.47,34450.36,Direct Consumers,Refrigeration
Eran Wickramasinghe,2848,1.82,Conventional,Mulliyawalai,Mullaitivu,Brinjal,Hybrid,06/05/2023,19/07/2023,396.65,325.73,Clayey,5.81,Hybrid,Variety-9,Unverified,4.23,1980.66,Chemical,Brand-5,16.52,15/09/2012,Bi-weekly,Foliar Spray,3269.49,Chemical,Pesticide-3,19.52,Weekly,Drip Irrigation,2154.83,,Canal,Sprinkler,2096.5,Based on moisture levels,1648.89,10,2746.19,222.21,72380.46,35864.69,Retail,Refrigeration
Chandana Fernando,4246,2.92,Conventional,Cheddikulam,Vavuniya,Brinjal,Other,11/11/2024,16/02/2025,402.8,404.63,Clayey,6.97,GMO,Variety-7,Own-grown,6.74,1785.85,Organic,Brand-5,32.57,07/08/2013,Weekly,Soil Application,5952.79,Chemical,Pesticide-1,6.66,Bi-weekly,Spray,848.68,Fungal wilt,Well,Flood Irrigation,696.36,Weekly,663.34,7,2271.84,294.93,119337.53,94183.99,Direct Consumers,Refrigeration
Eran Wickramasinghe,7299,1.21,Organic,Thirukkethiswaram,Mannar,Brinjal,Hybrid,01/06/2023,05/08/2023,463.14,528.49,Clayey,6.95,GMO,Variety-1,Own-grown,9.91,3052.51,Chemical,Brand-8,29.5,12-15-6,Weekly,Foliar Spray,3972.39,Chemical,Pesticide-4,13.73,As needed,Spray,1820.65,Bacterial wilt,Well,Flood Irrigation,1970.38,Weekly,2834.94,8,2453.69,253.01,133713.25,102403.24,Retail,Room Temperature
Amara Perera,5184,3.26,Mixed,Angunakolapelessa,Hambantota,Brinjal,Hybrid,17/03/2023,09/07/2023,370.91,444.16,Mixed,5.01,Hybrid,Variety-4,Unverified,2.45,1111.57,Organic,Brand-1,42.23,05/05/2008,Bi-weekly,Soil Application,3344.54,Chemical,Pesticide-8,7.19,As needed,Drip Irrigation,525.38,Bacterial wilt,River,Flood Irrigation,2084.36,Based on moisture levels,2191.92,7,2269.42,344.89,153186.34,130126.99,Wholesale,Refrigeration
Chandana Fernando,6443,1.06,Mixed,Weligama,Matara,Brinjal,Other,04/11/2023,18/01/2024,354.18,361.24,Sandy,5.65,Hybrid,Variety-8,Own-grown,7.92,1806.0,Chemical,Brand-7,28.93,11-14-11,Weekly,Soil Application,4534.41,Chemical,Pesticide-2,18.36,Weekly,Drip Irrigation,1471.58,Fungal wilt,Rainwater Harvesting,Drip,1908.16,Daily,2330.8,9,1450.78,396.29,143155.8,119955.99,Wholesale,Refrigeration
Eran Wickramasinghe,9808,2.71,Organic,Hiniduma,Galle,Brinjal,Hybrid,09/04/2024,26/06/2024,313.59,347.32,Clayey,6.11,Hybrid,Variety-5,Unverified,4.36,2084.9,Chemical,Brand-9,43.51,08/05/2006,Bi-weekly,Soil Application,5558.23,Chemical,Pesticide-5,15.71,As needed,Other,1686.64,Bacterial wilt,Rainwater Harvesting,Flood Irrigation,2912.06,Based on moisture levels,1482.6,4,2555.03,330.82,114900.4,93867.91,Wholesale,Refrigeration
Amara Perera,2094,2.94,Mixed,Homagama,Colombo,Brinjal,Hybrid,05/11/2023,15/02/2024,326.17,369.68,Sandy,6.59,Hybrid,Variety-8,Own-grown,3.25,927.94,Organic,Brand-3,15.01,12-15-14,Weekly,Soil Application,1785.29,Organic,Pesticide-9,13.67,Bi-weekly,Spray,1537.69,Leaf spot,River,Sprinkler,630.91,Daily,860.14,4,1639.28,195.86,72405.52,60737.34,Retail,Refrigeration
Bandara Silva,4428,3.05,Conventional,Ja-Ela,Gampaha,Brinjal,Hybrid,03/05/2023,14/07/2023,413.56,355.55,Sandy,6.57,Local,Variety-4,Own-grown,1.92,511.47,Organic,Brand-8,13.39,07/11/2009,Bi-weekly,Soil Application,1181.42,Chemical,Pesticide-10,14.91,Weekly,Drip Irrigation,1386.43,Bacterial wilt,Rainwater Harvesting,Drip,1169.34,Weekly,1554.3,9,1091.59,429.71,152783.39,138325.46,Retail,Refrigeration
Chandana Fernando,4159,3.85,Mixed,Matugama,Kalutara,Brinjal,Local,09/02/2024,30/04/2024,481.53,525.68,Mixed,5.26,Local,Variety-3,Own-grown,9.67,3780.09,Chemical,Brand-4,40.37,9-13-15,Weekly,Soil Application,2880.56,Organic,Pesticide-5,5.8,Bi-weekly,Spray,649.29,,Well,Drip,1670.31,Weekly,1720.15,5,2904.05,227.94,119823.5,96273.16,Direct Consumers,Room Temperature
Chandana Fernando,9968,3.57,Organic,Wattegama,Kandy,Brinjal,Hybrid,20/11/2023,18/02/2024,273.05,283.18,Clayey,6.41,GMO,Variety-2,Certified,2.48,685.32,Chemical,Brand-10,12.08,09/05/2006,Weekly,Foliar Spray,2199.12,Chemical,Pesticide-4,9.44,Bi-weekly,Spray,947.04,Leaf spot,Canal,Drip,901.24,Weekly,986.11,7,2308.8,414.54,117389.44,96410.25,Wholesale,Room Temperature
Amara Perera,8879,3.85,Conventional,Dambulla,Matale,Brinjal,Hybrid,14/06/2023,18/09/2023,122.07,132.52,Sandy,5.22,GMO,Variety-3,Certified,9.59,2760.81,Organic,Brand-6,45.9,07/08/2011,Weekly,Foliar Spray,5049.53,Organic,Pesticide-10,15.45,Weekly,Spray,1745.41,Fungal wilt,Well,Sprinkler,1058.2,Daily,833.46,2,1137.37,284.57,37711.22,25047.27,Wholesale,Refrigeration
Eran Wickramasinghe,9312,4.52,Mixed,Haggala,Nuwara Eliya,Brinjal,Hybrid,06/02/2023,04/06/2023,191.01,219.46,Mixed,6.86,Hybrid,Variety-4,Certified,7.84,1906.47,Chemical,Brand-6,32.94,06/07/2009,Bi-weekly,Soil Application,5084.75,Chemical,Pesticide-9,14.48,As needed,Other,1397.08,Bacterial wilt,Well,Drip,1961.49,Daily,3888.57,4,2280.95,290.71,63799.22,42398.55,Wholesale,Refrigeration
Amara Perera,7513,3.91,Organic,Haputale,Badulla,Brinjal,Other,02/08/2024,29/10/2024,334.25,332.47,Mixed,6.49,Hybrid,Variety-6,Own-grown,6.73,1464.23,Chemical,Brand-10,43.63,08/11/2010,Weekly,Foliar Spray,3806.41,Chemical,Pesticide-10,19.64,Weekly,Drip Irrigation,1687.2,Leaf spot,Rainwater Harvesting,Sprinkler,942.99,Daily,1329.7,4,1880.19,351.11,116733.54,100925.24,Direct Consumers,Room Temperature
Amara Perera,9200,0.94,Organic,Kataragama,Monaragala,Brinjal,Other,14/09/2024,14/12/2024,185.84,193.28,Clayey,5.4,Hybrid,Variety-7,Certified,1.35,403.69,Chemical,Brand-10,18.27,11/10/2010,Bi-weekly,Foliar Spray,2856.97,Chemical,Pesticide-3,18.43,As needed,Other,1254.89,Fungal wilt,River,Drip,2250.88,Based on moisture levels,1445.39,7,2643.33,437.17,84496.22,60031.97,Wholesale,Refrigeration
Chandana Fernando,4013,2.95,Conventional,Pelmadulla,Ratnapura,Brinjal,Other,26/08/2024,07/11/2024,250.61,233.5,Clayey,6.93,GMO,Variety-10,Unverified,8.67,3917.38,Chemical,Brand-5,39.77,9-15-11,Weekly,Foliar Spray,3349.92,Organic,Pesticide-7,12.77,Weekly,Other,656.97,Leaf spot,Rainwater Harvesting,Sprinkler,855.36,Based on moisture levels,1653.89,5,1553.52,475.25,110970.88,93625.12,Retail,Room Temperature
Dinesh Kumara,5504,2.44,Organic,Yatiyanthota,Kegalle,Brinjal,Other,30/01/2024,01/05/2024,493.98,412.12,Loamy,5.58,Hybrid,Variety-2,Certified,9.41,3492.09,Organic,Brand-7,10.31,10/08/2007,Monthly,Soil Application,1573.17,Organic,Pesticide-5,19.22,Bi-weekly,Drip Irrigation,1751.87,Fungal wilt,Rainwater Harvesting,Sprinkler,2624.46,Daily,3184.3,2,1982.64,179.37,73921.96,59955.25,Wholesale,Refrigeration
Chandana Fernando,4253,1.2,Mixed,Ganewatta,Kurunegala,Brinjal,Local,07/12/2023,12/03/2024,457.53,455.88,Mixed,6.86,GMO,Variety-1,Certified,1.19,395.26,Chemical,Brand-7,38.31,14-13-9,Weekly,Foliar Spray,5441.87,Chemical,Pesticide-8,10.71,Weekly,Other,756.01,,River,Flood Irrigation,1280.77,Weekly,2538.64,6,1942.69,167.15,76200.34,55412.42,Direct Consumers,Room Temperature
Chandana Fernando,5847,0.9,Conventional,Kalpitiya,Puttalam,Brinjal,Local,04/04/2024,14/06/2024,299.69,244.08,Clayey,7.0,Local,Variety-1,Certified,8.32,2866.73,Organic,Brand-1,45.25,07/07/2012,Bi-weekly,Foliar Spray,9023.48,Chemical,Pesticide-5,16.24,As needed,Spray,1598.16,Bacterial wilt,Canal,Drip,1052.37,Based on moisture levels,1089.01,8,2886.05,408.62,99735.97,62070.19,Wholesale,Room Temperature
Eran Wickramasinghe,4668,2.01,Mixed,Kekirawa,Anuradhapura,Brinjal,Hybrid,26/06/2024,11/09/2024,382.51,426.99,Sandy,5.51,GMO,Variety-2,Certified,9.85,2785.32,Chemical,Brand-7,17.62,09/11/2012,Weekly,Soil Application,3380.47,Chemical,Pesticide-2,19.86,Weekly,Other,1601.13,,Canal,Flood Irrigation,1851.41,Daily,3116.32,4,2881.37,465.86,198917.56,176508.84,Direct Consumers,Room Temperature
Bandara Silva,5666,2.26,Mixed,Manampitiya,Polonnaruwa,Brinjal,Hybrid,10/10/2023,20/12/2023,165.63,157.53,Loamy,6.71,GMO,Variety-3,Certified,1.78,887.44,Organic,Brand-1,44.65,15/05/2010,Bi-weekly,Foliar Spray,3268.64,Chemical,Pesticide-10,10.08,Bi-weekly,Drip Irrigation,637.81,Fungal wilt,Rainwater Harvesting,Flood Irrigation,1169.99,Based on moisture levels,1581.34,3,1283.75,223.82,35258.36,25031.88,Retail,Refrigeration
Chandana Fernando,4205,2.23,Mixed,Seruwila,Trincomalee,Brinjal,Other,05/09/2023,11/12/2023,185.59,206.85,Sandy,5.75,Hybrid,Variety-8,Unverified,7.61,1731.32,Organic,Brand-6,36.33,12-15-15,Bi-weekly,Soil Application,5647.69,Organic,Pesticide-6,19.69,Bi-weekly,Spray,1612.6,Fungal wilt,Canal,Sprinkler,536.23,Weekly,849.79,10,1845.81,418.94,86657.74,58358.24,Direct Consumers,Room Temperature
Bandara Silva,8987,3.62,Conventional,Oddamavadi,Batticaloa,Brinjal,Hybrid,10/11/2024,18/02/2025,137.3,128.0,Loamy,6.82,Local,Variety-9,Own-grown,9.45,3155.37,Chemical,Brand-1,47.18,12/08/2007,Weekly,Foliar Spray,9398.43,Organic,Pesticide-9,11.19,As needed,Other,1546.86,Leaf spot,Rainwater Harvesting,Sprinkler,1011.62,Daily,1907.78,4,2449.67,220.03,28163.84,2356.72,Wholesale,Refrigeration
Amara Perera,2671,2.1,Organic,Padiyatalawa,Ampara,Brinjal,Other,23/12/2023,21/03/2024,123.79,135.39,Loamy,5.06,GMO,Variety-10,Own-grown,2.83,820.0,Organic,Brand-4,29.57,13-15-11,Monthly,Soil Application,2362.02,Organic,Pesticide-8,12.41,As needed,Drip Irrigation,808.99,Leaf spot,River,Flood Irrigation,2479.21,Daily,3999.85,2,1225.87,434.42,58816.12,48373.52,Retail,Refrigeration
Dinesh Kumara,3953,2.56,Conventional,Tellippalai,Jaffna,Brinjal,Hybrid,19/05/2024,03/08/2024,264.15,290.78,Sandy,5.74,GMO,Variety-7,Own-grown,9.93,2367.94,Organic,Brand-8,16.81,8-15-13,Bi-weekly,Soil Application,2268.84,Organic,Pesticide-7,15.76,As needed,Other,1164.55,Leaf spot,Well,Sprinkler,693.41,Daily,1354.89,5,1893.76,331.11,96280.17,79655.15,Wholesale,Room Temperature
Bandara Silva,2700,4.96,Conventional,Mallavi,Kilinochchi,Brinjal,Other,21/10/2023,16/01/2024,116.48,120.71,Sandy,6.35,Local,Variety-8,Certified,4.92,1215.34,Organic,Brand-1,37.08,08/05/2015,Weekly,Foliar Spray,4396.82,Organic,Pesticide-5,14.11,Bi-weekly,Drip Irrigation,1139.31,,River,Flood Irrigation,1131.69,Daily,1231.26,10,1536.26,391.82,47296.59,23951.26,Wholesale,Refrigeration
Dinesh Kumara,6054,0.69,Organic,Karunaddukerny,Mullaitivu,Brinjal,Local,21/12/2024,16/04/2025,275.86,235.54,Mixed,6.06,Hybrid,Variety-7,Certified,6.09,2053.86,Chemical,Brand-8,32.19,12/07/2008,Weekly,Soil Application,4230.5,Organic,Pesticide-6,12.35,Bi-weekly,Spray,945.13,,River,Sprinkler,860.04,Based on moisture levels,581.27,8,1925.18,453.51,106819.75,83607.55,Direct Consumers,Room Temperature
Eran Wickramasinghe,4858,4.55,Organic,Omanthai,Vavuniya,Brinjal,Other,22/12/2023,30/03/2024,265.95,268.82,Loamy,6.69,Local,Variety-7,Own-grown,4.6,1057.59,Chemical,Brand-2,31.42,10-15-9,Bi-weekly,Soil Application,6273.03,Chemical,Pesticide-3,17.01,Bi-weekly,Spray,1578.58,Fungal wilt,River,Sprinkler,1719.74,Daily,1552.5,4,1558.71,242.2,65108.2,48411.66,Direct Consumers,Room Temperature
Eran Wickramasinghe,5611,3.41,Mixed,Pesalai,Mannar,Brinjal,Other,17/12/2024,13/03/2025,345.04,378.0,Clayey,5.95,Hybrid,Variety-1,Unverified,5.84,1853.14,Chemical,Brand-2,43.47,11/06/2014,Weekly,Soil Application,6439.42,Chemical,Pesticide-8,15.77,As needed,Drip Irrigation,2061.47,Leaf spot,Well,Drip,1258.17,Daily,931.39,4,2609.58,329.1,124399.8,102676.06,Direct Consumers,Room Temperature
Amara Perera,1426,2.42,Conventional,Beliatta,Hambantota,Brinjal,Local,31/01/2023,11/04/2023,492.53,394.58,Mixed,5.29,GMO,Variety-7,Unverified,6.37,2562.55,Chemical,Brand-9,33.12,09/10/2006,Weekly,Foliar Spray,2965.37,Chemical,Pesticide-5,17.7,Weekly,Drip Irrigation,919.66,Leaf spot,Rainwater Harvesting,Flood Irrigation,2457.29,Weekly,1353.96,2,2953.74,321.36,126802.23,113093.21,Direct Consumers,Room Temperature
Bandara Silva,9302,1.17,Organic,Kamburupitiya,Matara,Brinjal,Other,23/02/2023,31/05/2023,147.91,147.55,Sandy,5.06,Hybrid,Variety-9,Certified,1.28,404.58,Organic,Brand-8,44.68,13/08/2008,Monthly,Soil Application,6880.65,Chemical,Pesticide-8,5.44,Weekly,Other,573.59,Fungal wilt,Rainwater Harvesting,Flood Irrigation,877.31,Based on moisture levels,692.36,7,2401.48,413.31,60983.89,35622.35,Wholesale,Room Temperature
Chandana Fernando,6136,4.68,Mixed,Yakkalamulla,Galle,Brinjal,Hybrid,03/05/2024,11/07/2024,430.72,509.72,Sandy,5.15,Hybrid,Variety-7,Own-grown,6.24,2490.55,Organic,Brand-8,37.93,15/10/2005,Monthly,Soil Application,5319.79,Organic,Pesticide-1,15.41,Weekly,Other,2223.27,,Rainwater Harvesting,Flood Irrigation,1787.07,Weekly,3517.89,9,2577.13,399.53,203648.43,166902.76,Retail,Room Temperature
Dinesh Kumara,4188,4.48,Conventional,Hanwella,Colombo,Brinjal,Other,11/12/2024,04/03/2025,406.28,423.94,Sandy,5.28,Local,Variety-9,Certified,3.4,1192.32,Chemical,Brand-8,45.49,05/08/2013,Monthly,Foliar Spray,2740.94,Organic,Pesticide-7,14.04,Weekly,Spray,1759.76,Fungal wilt,Canal,Sprinkler,1083.27,Daily,2047.2,5,2358.15,337.61,143126.38,123595.41,Direct Consumers,Room Temperature
Dinesh Kumara,7544,0.76,Organic,Minuwangoda,Gampaha,Brinjal,Local,29/04/2023,24/07/2023,192.48,172.87,Mixed,5.41,Local,Variety-8,Certified,6.05,2181.86,Chemical,Brand-1,26.08,6-15-6,Bi-weekly,Foliar Spray,2334.74,Organic,Pesticide-2,16.5,Bi-weekly,Drip Irrigation,1283.78,Bacterial wilt,Canal,Drip,2375.92,Based on moisture levels,1786.98,3,2859.18,478.54,82725.21,66560.31,Wholesale,Refrigeration
Bandara Silva,1288,2.58,Mixed,Bulathsinhala,Kalutara,Brinjal,Local,06/11/2023,16/02/2024,346.88,318.94,Sandy,6.71,GMO,Variety-9,Own-grown,7.75,2064.92,Organic,Brand-7,29.36,10/06/2009,Bi-weekly,Foliar Spray,1851.44,Chemical,Pesticide-6,18.92,Weekly,Drip Irrigation,1562.66,Fungal wilt,River,Drip,2354.43,Daily,4108.42,7,1018.4,336.79,107415.8,90699.56,Wholesale,Refrigeration
