Farmer Name,Farm ID,Farm Size (Perches),Farm Type,Farm Location (Village),Farm Location (District),Crop Type,Brinjal Variety,Planting Start Date,Planting End Date,Expected Harvest (kg),Actual Harvest (kg),Soil Type,Soil pH Level,Seed Type,Seed Variety,Seed Source,Seed Quantity (g),Seed Cost (Rs.),Fertilizer Type,Fertilizer Brand,Total Fertilizer Quantity (kg),Fertilizer N-P-K Ratio,Fertilizer Application Schedule,Fertilizer Application Method,Fertilizer Cost (Rs.),Pesticide Type,Pesticide Name,Total Pesticide Quantity (kg),Pesticide Application Frequency,Pesticide Application Method,Pesticide Cost (Rs.),Water Source,Irrigation Method,Total Water Usage (liters),Irrigation Schedule,Irrigation Cost (Rs.),Total Number of Labor Hours,Total Labor Wages,Market Selling Price (Rs./kg),Total Sales Revenue (Rs.),Profit/Loss (Rs.),Buyer Type,Total Cost (Rs.),Yield per Perch,Cost per kg,ROI,Fertilizer Efficiency,Pesticide Efficiency,Water Efficiency,Labor Efficiency,Seed Efficiency,Final Performance Score
Eran Wickramasinghe,6710,25.14,Organic,Hanwella,Colombo,Brinjal,Local,27/10/2024,20/01/2025,57.18,63.46,Sandy,5.0,Local,Variety-5,Certified,8,2788.68,Chemical,Brand-4,103.88,"10,10,10",Bi-weekly,Foliar Spray,8731.05,Chemical,Pesticide-5,37.03,As needed,Other,1447.72,Well,Flood Irrigation,159219.33,Daily,4045.21,8,2453.45,154.11,40680.42,4040.16,Retail,19466.11,24.32,12.86,37.5,34.52,33.17,47.8,38.61,74.86,31.33
Chandana Fernando,7527,112.0,Mixed,Minuwangoda,Gampaha,Brinjal,Other,07/05/2024,28/08/2024,668.85,780.96,Mixed,5.57,Hybrid,Variety-7,Certified,135,989.08,Chemical,Brand-9,24.5,"10,10,10",Bi-weekly,Foliar Spray,3725.53,Organic,Pesticide-9,13.54,Bi-weekly,Drip Irrigation,1725.06,Rainwater Harvesting,Drip,1505123.64,Weekly,1735.96,8,1399.81,100.71,27617.7,8243.59,Retail,9575.44,58.52,52.21,38.77,48.06,45.41,66.46,40.75,49.18,50.51
Amara Perera,4828,182.4,Conventional,Bulathsinhala,Kalutara,Brinjal,Hybrid,27/07/2024,16/11/2024,976.62,1010.78,Sandy,5.37,Local,Variety-2,Unverified,165,2565.13,Organic,Brand-8,15.68,"10,10,10",Bi-weekly,Soil Application,1829.42,Organic,Pesticide-4,21.94,Bi-weekly,Drip Irrigation,1849.45,Rainwater Harvesting,Sprinkler,2481867.21,Daily,3469.49,9,2561.95,371.97,109366.62,76595.58,Direct Consumers,12275.44,47.51,52.23,49.22,62.17,42.88,49.15,41.11,53.26,49.57
Chandana Fernando,5629,352.0,Mixed,Pussellawa,Kandy,Brinjal,Hybrid,23/06/2023,04/10/2023,2094.26,2079.35,Sandy,5.86,GMO,Variety-10,Certified,428,2009.19,Chemical,Brand-3,32.05,"8,14,10",Monthly,Soil Application,2718.72,Chemical,Pesticide-1,28.93,As needed,Spray,1667.28,Canal,Drip,4903479.39,Based on moisture levels,643.28,5,2609.61,444.54,87294.32,67207.8,Retail,9648.08,50.33,53.23,50.63,62.35,48.52,51.76,48.37,38.1,51.31
Dinesh Kumara,5543,441.6,Mixed,Rattota,Matale,Brinjal,Other,14/03/2023,21/05/2023,2620.41,2383.22,Sandy,6.3,Local,Variety-4,Unverified,525,3298.35,Organic,Brand-3,36.93,"12,13,14",Monthly,Foliar Spray,2568.29,Organic,Pesticide-4,49.07,As needed,Other,2503.52,Rainwater Harvesting,Flood Irrigation,7335547.72,Based on moisture levels,3593.12,8,2025.32,313.02,139995.06,111829.22,Wholesale,13988.6,46.4,53.07,52.63,62.2,43.42,36.37,45.55,34.29,48.62
Eran Wickramasinghe,2785,752.0,Conventional,Ragala,Nuwara Eliya,Brinjal,Hybrid,25/11/2024,13/02/2025,4346.04,4813.96,Sandy,6.08,GMO,Variety-9,Certified,867,3151.53,Chemical,Brand-1,147.96,"10,10,10",Monthly,Soil Application,3942.66,Organic,Pesticide-10,42.77,As needed,Drip Irrigation,693.71,Rainwater Harvesting,Sprinkler,9981174.43,Daily,612.55,8,2333.54,353.97,109879.37,82810.6,Retail,10733.99,54.13,53.55,52.09,48.35,57.42,60.79,52.83,46.4,53.34
Amara Perera,5238,312.0,Conventional,Welimada,Badulla,Brinjal,Hybrid,22/12/2023,20/03/2024,1897.26,1699.7,Mixed,6.12,Local,Variety-10,Own-grown,343,2627.16,Chemical,Brand-5,49.71,"10,10,10",Weekly,Soil Application,2823.73,Chemical,Pesticide-6,15.4,Weekly,Drip Irrigation,763.65,Rainwater Harvesting,Flood Irrigation,4413787.66,Daily,1584.29,5,1282.28,373.56,111205.08,96994.85,Wholesale,9081.11,46.79,53.14,57.85,49.06,56.94,45.71,46.56,39.26,50.28
Dinesh Kumara,2980,755.2,Conventional,Bibile,Monaragala,Brinjal,Hybrid,09/11/2024,29/01/2025,4598.54,5226.61,Sandy,5.42,Local,Variety-2,Certified,797,507.21,Chemical,Brand-1,108.84,"10,10,10",Bi-weekly,Foliar Spray,4436.34,Chemical,Pesticide-8,41.35,As needed,Other,495.63,River,Drip,10279724.84,Daily,1584.71,4,1051.07,385.73,167738.55,156510.38,Retail,8074.96,58.12,53.65,74.76,55.05,60.45,64.85,69.7,58.42,61.24
Bandara Silva,6736,446.4,Conventional,Balangoda,Ratnapura,Brinjal,Hybrid,08/09/2023,15/11/2023,2388.08,2800.5,Loamy,5.69,GMO,Variety-2,Unverified,472,4859.8,Organic,Brand-1,44.22,"10,10,10",Weekly,Soil Application,1168.46,Chemical,Pesticide-6,27.4,As needed,Spray,499.34,Rainwater Harvesting,Sprinkler,7160173.72,Daily,2666.21,9,1477.51,109.51,42405.56,19914.16,Direct Consumers,10671.32,53.14,53.34,40.72,61.68,55.16,46.65,45.87,50.96,51.04
Bandara Silva,1914,470.4,Mixed,Deraniyagala,Kegalle,Brinjal,Hybrid,08/08/2023,21/11/2023,3329.87,2890.11,Mixed,5.62,Local,Variety-4,Certified,496,790.06,Organic,Brand-6,90.96,"5,15,15",Monthly,Foliar Spray,4550.59,Chemical,Pesticide-7,30.61,Bi-weekly,Drip Irrigation,1095.04,River,Flood Irrigation,8284257.87,Weekly,4473.66,8,2651.08,226.38,42801.67,10683.68,Direct Consumers,13560.43,52.15,53.23,38.63,48.02,53.45,40.09,47.07,49.68,48.55
Chandana Fernando,6945,577.6,Conventional,Wariyapola,Kurunegala,Brinjal,Other,08/12/2024,06/02/2025,3372.24,3817.95,Loamy,6.49,Hybrid,Variety-6,Unverified,583,2575.01,Organic,Brand-5,92.02,"13,15,9",Monthly,Soil Application,1990.45,Organic,Pesticide-9,51.55,Bi-weekly,Other,1105.91,Canal,Sprinkler,7550626.11,Weekly,1273.93,5,1664.23,274.27,49793.72,34527.27,Retail,8609.53,55.73,53.55,44.89,52.22,49.0,64.41,56.7,58.32,53.61
Amara Perera,3269,43.9,Organic,Nawagattegama,Puttalam,Brinjal,Other,26/07/2024,05/10/2024,45.19,53.39,Clayey,6.57,Local,Variety-2,Own-grown,8,2430.87,Chemical,Brand-5,45.85,"6,14,6",Monthly,Soil Application,764.3,Chemical,Pesticide-6,22.73,As needed,Drip Irrigation,609.73,Well,Sprinkler,102110.29,Weekly,3107.19,7,1665.54,189.74,42494.17,23923.3,Direct Consumers,8577.63,14.26,32.38,42.52,34.76,33.31,67.08,38.6,59.81,34.11
Dinesh Kumara,9818,59.7,Conventional,Mihintale,Anuradhapura,Brinjal,Local,14/02/2023,23/05/2023,47.58,44.8,Clayey,6.36,Local,Variety-10,Unverified,6,3504.58,Organic,Brand-2,34.29,"10,10,10",Monthly,Foliar Spray,3121.53,Chemical,Pesticide-3,15.07,Bi-weekly,Drip Irrigation,1070.08,Canal,Drip,122862.89,Based on moisture levels,1576.64,8,1585.3,379.51,38804.9,16849.67,Wholesale,10858.13,10.68,21.46,40.11,34.82,33.45,42.54,38.55,69.29,29.43
Bandara Silva,7587,694.4,Conventional,Hingurakgoda,Polonnaruwa,Brinjal,Other,07/09/2024,13/12/2024,4570.88,4517.61,Clayey,5.41,Local,Variety-3,Certified,807,2972.34,Chemical,Brand-9,215.48,"10,10,10",Bi-weekly,Foliar Spray,8493.92,Chemical,Pesticide-5,37.45,Bi-weekly,Spray,891.09,River,Drip,10057176.74,Daily,3768.8,7,1513.62,453.15,116409.7,89688.21,Retail,17639.77,54.93,53.33,46.98,43.33,59.19,55.66,53.87,46.95,52.14
Eran Wickramasinghe,6558,323.2,Mixed,Kantalai,Trincomalee,Brinjal,Local,01/02/2024,31/05/2024,2158.37,1752.11,Sandy,5.32,Hybrid,Variety-6,Own-grown,374,2346.1,Organic,Brand-1,90.31,"13,15,10",Bi-weekly,Soil Application,7206.08,Chemical,Pesticide-2,13.01,Weekly,Spray,572.96,Canal,Sprinkler,4656673.17,Daily,1819.22,4,2798.22,349.84,100949.83,77812.59,Direct Consumers,14742.58,46.59,52.73,47.35,42.66,62.26,44.34,48.9,36.03,48.34
Chandana Fernando,4708,331.2,Conventional,Eravur,Batticaloa,Brinjal,Other,07/02/2024,05/05/2024,2233.3,2354.64,Mixed,5.3,GMO,Variety-9,Certified,335,895.99,Chemical,Brand-1,65.62,"10,10,10",Monthly,Soil Application,2698.27,Organic,Pesticide-5,14.61,As needed,Drip Irrigation,462.41,Well,Sprinkler,5709445.54,Daily,1147.63,3,1828.6,258.55,56984.42,46294.32,Wholesale,7032.9,59.57,53.45,49.89,49.8,68.05,49.95,57.21,64.06,55.91
Eran Wickramasinghe,5640,616.0,Mixed,Uhana,Ampara,Brinjal,Hybrid,12/03/2024,05/06/2024,4304.9,3628.71,Mixed,5.28,GMO,Variety-7,Own-grown,566,371.75,Chemical,Brand-9,171.48,"10,10,10",Bi-weekly,Soil Application,2305.6,Chemical,Pesticide-7,23.02,Weekly,Drip Irrigation,534.46,Canal,Sprinkler,10833847.36,Daily,1547.16,7,2595.74,456.57,110718.22,87789.07,Direct Consumers,7354.71,50.2,53.58,60.29,43.42,67.28,37.93,50.83,56.67,52.61
Dinesh Kumara,9135,763.2,Organic,Chavakachcheri,Jaffna,Brinjal,Hybrid,22/09/2024,15/01/2025,4458.16,4658.18,Sandy,5.72,Local,Variety-5,Certified,875,2032.07,Organic,Brand-1,220.23,"10,10,10",Monthly,Foliar Spray,6482.1,Chemical,Pesticide-7,76.51,Bi-weekly,Drip Irrigation,1540.86,Well,Drip,9695090.01,Daily,2680.59,8,2358.57,467.08,111660.14,80055.96,Retail,15094.19,51.84,53.42,47.4,43.41,46.12,60.51,52.36,43.67,50.44
Bandara Silva,9611,499.2,Conventional,Paranthan,Kilinochchi,Brinjal,Other,20/07/2023,18/10/2023,3572.79,3285.75,Mixed,6.42,Local,Variety-7,Unverified,524,1500.81,Organic,Brand-2,80.53,"10,15,8",Weekly,Soil Application,4219.24,Chemical,Pesticide-4,21.18,Bi-weekly,Other,339.7,Well,Sprinkler,6639800.96,Daily,2775.31,4,1650.38,128.67,40863.02,25426.44,Retail,10485.44,55.51,53.43,41.81,51.93,66.73,62.74,58.09,54.99,54.32
Bandara Silva,1840,572.8,Conventional,Oddusuddan,Mullaitivu,Brinjal,Other,03/12/2024,16/02/2025,3545.56,3798.38,Mixed,6.02,Local,Variety-2,Certified,564,1101.42,Chemical,Brand-6,109.33,"5,13,10",Monthly,Foliar Spray,2609.12,Organic,Pesticide-3,67.91,As needed,Other,2174.06,Rainwater Harvesting,Sprinkler,8792251.18,Daily,2531.68,10,2754.23,471.6,219081.78,183123.2,Retail,11170.51,55.89,53.46,68.95,49.3,45.03,52.99,47.51,60.54,55.03
Bandara Silva,4720,296.0,Organic,Vavuniya South,Vavuniya,Brinjal,Other,26/12/2024,03/04/2025,1945.01,1958.24,Sandy,6.64,GMO,Variety-6,Own-grown,295,1384.2,Chemical,Brand-7,51.3,"10,10,10",Weekly,Soil Application,3753.68,Organic,Pesticide-8,19.55,As needed,Other,925.0,Rainwater Harvesting,Flood Irrigation,5157339.13,Daily,803.61,3,2654.68,274.7,76451.76,61621.23,Wholesale,9521.17,55.77,53.2,49.67,50.79,54.71,44.87,54.05,59.38,53.01
Chandana Fernando,5610,580.8,Organic,Murunkan,Mannar,Brinjal,Local,24/05/2023,08/09/2023,3855.2,3803.11,Loamy,5.07,Local,Variety-2,Own-grown,578,979.08,Chemical,Brand-3,114.64,"10,10,10",Weekly,Soil Application,2941.22,Chemical,Pesticide-2,21.02,Bi-weekly,Other,683.58,Canal,Drip,8964321.76,Based on moisture levels,2893.08,4,2797.82,149.83,38576.73,19888.49,Wholesale,10294.78,55.25,53.49,40.85,48.62,72.38,51.79,61.18,58.69,53.97
Chandana Fernando,1936,635.2,Organic,Suriyawewa,Hambantota,Brinjal,Local,20/10/2023,06/02/2024,4068.77,4065.15,Clayey,5.76,GMO,Variety-4,Own-grown,593,1699.85,Chemical,Brand-10,83.85,"8,15,9",Weekly,Soil Application,1248.72,Chemical,Pesticide-1,58.84,Weekly,Other,1871.24,Well,Flood Irrigation,8661046.09,Weekly,2130.84,7,2137.82,314.94,98380.96,76465.57,Retail,9088.47,54.11,53.55,53.44,55.25,47.91,58.78,52.32,61.98,54.06
Chandana Fernando,9107,446.4,Organic,Akuressa,Matara,Brinjal,Hybrid,31/03/2024,12/06/2024,3147.97,2578.09,Clayey,5.81,Local,Variety-10,Certified,480,2172.97,Organic,Brand-8,27.98,"10,10,10",Weekly,Foliar Spray,1382.3,Chemical,Pesticide-10,46.93,Weekly,Other,860.64,Canal,Drip,6771349.0,Daily,1861.61,6,1126.31,328.03,188663.17,175627.79,Direct Consumers,7403.83,49.31,53.47,83.19,74.16,44.81,45.04,48.71,44.23,56.74
Bandara Silva,3366,774.4,Organic,Udugama,Galle,Brinjal,Hybrid,26/01/2023,27/03/2023,5063.33,4681.03,Clayey,6.67,GMO,Variety-5,Unverified,696,4033.3,Organic,Brand-5,58.56,"12,13,12",Bi-weekly,Soil Application,1157.3,Organic,Pesticide-1,59.24,Weekly,Drip Irrigation,1769.18,Rainwater Harvesting,Sprinkler,9990586.23,Daily,1718.98,3,1863.28,319.46,95374.78,81106.18,Wholesale,10542.04,51.38,53.55,52.05,68.88,50.08,58.66,75.78,60.43,56.96
Chandana Fernando,6502,796.8,Organic,Agalawatta,Kalutara,Brinjal,Hybrid,17/02/2024,31/05/2024,5091.89,4760.55,Loamy,5.34,GMO,Variety-7,Own-grown,720,3545.25,Chemical,Brand-1,204.43,"10,10,10",Monthly,Soil Application,6937.38,Chemical,Pesticide-9,73.75,Weekly,Spray,1566.5,Canal,Flood Irrigation,10222052.4,Based on moisture levels,1645.6,7,1487.35,301.5,145099.89,120993.71,Wholesale,15182.08,50.84,53.43,52.58,44.34,46.92,58.22,54.7,59.07,51.97
Dinesh Kumara,9428,10.0,Organic,Galaha,Kandy,Brinjal,Local,10/10/2023,16/01/2024,56.62,71.41,Clayey,5.85,GMO,Variety-10,Certified,12,2399.43,Organic,Brand-6,93.35,"7,15,7",Monthly,Foliar Spray,4955.09,Chemical,Pesticide-5,25.02,Bi-weekly,Drip Irrigation,744.76,Rainwater Harvesting,Sprinkler,155527.23,Weekly,2631.99,10,1915.39,479.84,142714.01,112828.84,Direct Consumers,12646.66,59.81,30.18,54.43,34.58,33.42,57.2,38.59,51.17,45.71
Dinesh Kumara,1772,425.6,Mixed,Kandapola,Nuwara Eliya,Brinjal,Local,30/07/2024,18/11/2024,2912.01,2877.55,Mixed,5.8,Hybrid,Variety-4,Own-grown,445,824.55,Chemical,Brand-3,61.87,"10,10,10",Weekly,Soil Application,2800.97,Chemical,Pesticide-9,38.76,Bi-weekly,Spray,1701.76,Well,Flood Irrigation,6183030.84,Based on moisture levels,3717.43,6,1317.91,101.08,44961.39,28009.22,Wholesale,10362.62,56.89,53.37,42.35,54.4,49.04,58.17,49.9,57.33,52.54
Amara Perera,9835,10.0,Conventional,Uva Paranagama,Badulla,Brinjal,Other,22/10/2023,10/02/2024,56.62,59.09,Loamy,6.17,Local,Variety-8,Certified,17,761.23,Chemical,Brand-10,59.0,"7,14,9",Monthly,Foliar Spray,1476.51,Organic,Pesticide-10,55.58,As needed,Other,2372.55,Rainwater Harvesting,Drip,173474.68,Based on moisture levels,2071.41,9,2661.87,300.56,37777.39,7138.86,Retail,9343.57,50.34,32.72,38.58,34.69,33.03,38.81,38.57,21.57,38.68
Amara Perera,3613,481.6,Conventional,Medagama,Monaragala,Brinjal,Other,18/09/2024,11/12/2024,2943.07,3137.05,Mixed,5.41,Local,Variety-8,Unverified,522,1102.81,Chemical,Brand-5,77.96,"10,10,10",Monthly,Soil Application,4019.37,Organic,Pesticide-7,44.79,Bi-weekly,Other,1931.68,Well,Drip,8015987.84,Weekly,3334.5,7,1974.72,214.26,61856.86,37645.46,Wholesale,12363.08,54.99,53.33,43.01,51.68,48.12,46.68,49.15,51.87,50.66
Eran Wickramasinghe,7519,337.6,Mixed,Kahawatta,Ratnapura,Brinjal,Local,25/01/2023,26/04/2023,2351.39,1816.76,Clayey,6.52,Hybrid,Variety-8,Own-grown,335,1020.77,Organic,Brand-2,87.14,"10,10,10",Weekly,Foliar Spray,2323.98,Chemical,Pesticide-10,41.82,Weekly,Spray,2499.2,Well,Drip,5338104.92,Based on moisture levels,2238.14,7,1490.04,414.16,51330.99,32818.62,Direct Consumers,9572.13,46.28,53.15,43.76,43.28,42.3,38.77,44.63,44.86,45.9
Dinesh Kumara,9531,115.2,Organic,Warakapola,Kegalle,Brinjal,Local,27/09/2023,08/12/2023,822.71,765.54,Loamy,5.18,GMO,Variety-9,Unverified,133,1275.97,Chemical,Brand-1,12.92,"14,13,8",Weekly,Foliar Spray,3174.07,Organic,Pesticide-5,8.55,Weekly,Other,855.99,River,Drip,2005650.85,Weekly,3390.67,5,2723.67,286.13,64639.63,42324.58,Wholesale,11420.37,56.0,51.86,44.3,59.92,52.38,45.18,42.08,48.84,51.01
Bandara Silva,7365,206.4,Conventional,Ibbagamuwa,Kurunegala,Brinjal,Local,19/11/2024,15/03/2025,1351.47,1161.98,Clayey,5.89,Local,Variety-3,Unverified,255,1672.13,Organic,Brand-9,14.33,"10,10,10",Weekly,Soil Application,1933.97,Chemical,Pesticide-3,20.55,Weekly,Other,1468.29,Well,Flood Irrigation,2630419.73,Based on moisture levels,2136.36,10,2251.82,409.62,49215.84,19486.89,Wholesale,9462.57,48.19,52.76,41.1,69.37,45.17,54.5,41.2,34.5,48.98
Bandara Silva,1466,404.8,Conventional,Chilaw,Puttalam,Brinjal,Other,28/10/2023,01/01/2024,2264.67,2211.24,Mixed,5.93,GMO,Variety-2,Own-grown,388,1736.64,Organic,Brand-7,106.29,"10,10,10",Bi-weekly,Foliar Spray,2507.54,Chemical,Pesticide-9,23.07,As needed,Spray,944.99,River,Sprinkler,5459674.13,Based on moisture levels,3577.38,4,1488.24,137.18,29822.93,15103.42,Direct Consumers,10254.79,46.91,53.23,39.96,43.26,53.77,48.8,51.65,48.16,47.98
Bandara Silva,4409,510.4,Organic,Thalawa,Anuradhapura,Brinjal,Local,26/02/2023,27/05/2023,2810.47,3215.94,Mixed,6.63,GMO,Variety-10,Certified,530,2758.52,Chemical,Brand-7,77.58,"10,10,10",Weekly,Foliar Spray,1503.86,Chemical,Pesticide-1,31.1,Weekly,Other,741.25,Rainwater Harvesting,Flood Irrigation,8050273.07,Based on moisture levels,1629.09,3,1837.06,362.68,96523.66,84379.76,Wholesale,8469.78,53.35,53.5,56.45,52.21,55.42,47.94,64.09,52.57,54.55
Dinesh Kumara,3991,376.0,Mixed,Medirigiriya,Polonnaruwa,Brinjal,Local,05/10/2024,25/01/2025,2116.14,2570.03,Loamy,6.68,GMO,Variety-1,Certified,345,3711.05,Chemical,Brand-7,58.07,"10,10,10",Bi-weekly,Soil Application,4583.58,Chemical,Pesticide-8,31.07,Bi-weekly,Drip Irrigation,835.05,Well,Flood Irrigation,5075292.73,Weekly,1371.68,9,2297.35,224.76,73680.82,42503.31,Direct Consumers,12798.71,57.46,53.19,43.55,53.42,50.89,64.53,45.25,69.08,53.45
Dinesh Kumara,9408,432.0,Mixed,Muttur,Trincomalee,Brinjal,Hybrid,08/06/2023,13/09/2023,2602.49,2587.62,Mixed,6.78,Hybrid,Variety-4,Unverified,448,608.74,Chemical,Brand-8,108.0,"10,10,10",Bi-weekly,Foliar Spray,5702.6,Chemical,Pesticide-10,46.01,Bi-weekly,Other,1123.19,Rainwater Harvesting,Drip,5701436.34,Based on moisture levels,1404.6,6,1028.57,176.61,51361.72,36351.17,Wholesale,9867.7,50.96,53.34,44.26,44.63,45.1,56.38,48.74,49.08,49.39
Chandana Fernando,3987,456.0,Conventional,Kiran,Batticaloa,Brinjal,Local,18/02/2024,27/04/2024,2632.91,2593.27,Sandy,6.13,Hybrid,Variety-10,Own-grown,510,1542.22,Chemical,Brand-3,131.41,"10,10,10",Weekly,Soil Application,8775.9,Organic,Pesticide-9,29.55,Weekly,Other,1228.82,Rainwater Harvesting,Drip,7961509.21,Daily,2104.21,8,1756.78,244.9,102818.82,75113.43,Wholesale,15407.93,48.63,53.06,46.57,42.8,52.0,36.5,46.18,40.81,47.41
Amara Perera,9146,457.6,Organic,Damana,Ampara,Brinjal,Hybrid,14/05/2023,20/07/2023,2934.66,2843.42,Sandy,6.43,Hybrid,Variety-8,Own-grown,500,1747.05,Chemical,Brand-3,98.7,"10,10,10",Bi-weekly,Soil Application,2040.79,Organic,Pesticide-3,26.68,Weekly,Other,569.67,Canal,Drip,6273572.23,Daily,1231.13,3,2686.4,410.27,80417.02,66769.18,Wholesale,8275.04,52.68,53.46,52.77,46.73,56.11,56.28,61.11,48.01,53.39
Chandana Fernando,8761,160.0,Organic,Kopay,Jaffna,Brinjal,Other,13/01/2024,19/03/2024,948.07,968.45,Clayey,6.69,Hybrid,Variety-8,Own-grown,172,930.92,Chemical,Brand-6,35.86,"10,10,10",Monthly,Foliar Spray,5840.95,Organic,Pesticide-5,9.62,As needed,Drip Irrigation,673.3,Well,Flood Irrigation,2564073.28,Daily,2100.89,3,2708.4,153.66,25529.07,7857.81,Direct Consumers,12254.46,51.45,52.16,38.34,45.95,54.82,44.56,46.15,47.34,48.13
Eran Wickramasinghe,7384,302.4,Mixed,Dharmapuram,Kilinochchi,Brinjal,Hybrid,05/03/2024,30/06/2024,2051.98,1803.82,Clayey,6.18,Local,Variety-4,Own-grown,338,1160.02,Organic,Brand-2,74.5,"12,14,11",Weekly,Soil Application,5345.28,Organic,Pesticide-1,10.72,Bi-weekly,Other,435.96,Well,Drip,3937470.63,Based on moisture levels,907.01,10,1855.26,480.76,56931.6,30530.73,Direct Consumers,9703.53,50.77,53.13,43.21,44.74,69.61,57.04,42.74,43.82,50.3
Eran Wickramasinghe,3395,208.0,Conventional,Puthukudiyiruppu,Mullaitivu,Brinjal,Hybrid,27/06/2024,01/09/2024,1483.1,1137.5,Mixed,5.69,Hybrid,Variety-7,Own-grown,222,703.68,Organic,Brand-4,61.57,"10,10,10",Weekly,Soil Application,4082.62,Chemical,Pesticide-8,25.31,As needed,Drip Irrigation,1349.85,Well,Drip,2735110.94,Based on moisture levels,2542.8,6,2049.46,279.28,74232.62,53256.91,Wholesale,10728.41,46.96,52.59,46.74,42.26,42.63,50.49,42.96,41.28,46.8
Eran Wickramasinghe,6503,416.0,Conventional,Nedunkeni,Vavuniya,Brinjal,Local,25/04/2023,29/07/2023,2460.35,2758.8,Sandy,6.1,GMO,Variety-6,Unverified,402,2256.1,Organic,Brand-10,61.44,"10,10,10",Monthly,Soil Application,1265.45,Organic,Pesticide-10,50.93,As needed,Spray,1662.04,Well,Sprinkler,5591064.04,Weekly,1933.95,9,1472.91,482.06,226042.75,205669.02,Direct Consumers,8590.45,55.9,53.44,83.62,53.7,44.65,62.52,45.76,62.07,58.2
Bandara Silva,4538,212.8,Organic,Vankalai,Mannar,Brinjal,Hybrid,02/11/2024,31/01/2025,1300.6,1484.42,Mixed,5.97,Hybrid,Variety-1,Unverified,204,1279.0,Chemical,Brand-7,52.06,"5,14,9",Monthly,Foliar Spray,6687.29,Organic,Pesticide-5,7.53,Weekly,Drip Irrigation,390.31,Canal,Sprinkler,3663939.35,Based on moisture levels,3026.38,9,2380.96,232.43,80764.78,47953.16,Wholesale,13763.94,58.54,52.61,43.87,46.6,75.92,48.82,42.37,67.02,53.48
Bandara Silva,6713,136.0,Conventional,Weeraketiya,Hambantota,Brinjal,Other,17/12/2023,27/03/2024,964.1,880.65,Sandy,5.9,Local,Variety-3,Certified,157,1625.01,Organic,Brand-7,40.2,"10,14,6",Bi-weekly,Foliar Spray,5210.71,Organic,Pesticide-5,15.72,Weekly,Spray,2113.68,River,Flood Irrigation,1889430.15,Based on moisture levels,1156.99,7,2304.43,250.02,88522.08,62284.68,Wholesale,12410.82,54.69,51.97,46.85,43.74,45.05,58.28,41.43,47.08,49.65
Bandara Silva,4242,696.0,Mixed,Deniyaya,Matara,Brinjal,Hybrid,07/06/2024,12/09/2024,4133.93,4328.08,Loamy,5.64,Local,Variety-9,Certified,681,2811.23,Organic,Brand-5,55.94,"5,13,13",Monthly,Foliar Spray,2559.35,Chemical,Pesticide-1,36.76,Weekly,Spray,977.28,Rainwater Harvesting,Flood Irrigation,9800462.51,Weekly,2918.64,7,2672.14,457.23,81926.47,53954.99,Retail,11938.64,52.72,53.48,45.88,67.76,58.55,54.48,53.22,56.0,54.16
Eran Wickramasinghe,4899,552.0,Conventional,Baddegama,Galle,Brinjal,Hybrid,19/03/2024,16/06/2024,3616.15,3800.61,Loamy,6.95,GMO,Variety-10,Certified,551,1667.53,Chemical,Brand-9,50.16,"7,14,8",Bi-weekly,Soil Application,1594.8,Organic,Pesticide-9,53.41,Weekly,Drip Irrigation,1763.56,River,Drip,7361373.6,Daily,2013.72,6,1520.53,453.52,55624.23,39461.44,Direct Consumers,8560.14,57.85,53.55,46.05,67.07,48.36,66.06,53.58,62.49,55.76
Dinesh Kumara,2970,89.6,Organic,Avissawella,Colombo,Brinjal,Hybrid,31/08/2023,03/11/2023,627.93,527.37,Clayey,5.75,GMO,Variety-2,Own-grown,109,1453.92,Organic,Brand-10,12.71,"10,10,10",Monthly,Soil Application,2842.72,Chemical,Pesticide-6,10.54,As needed,Drip Irrigation,1930.66,River,Sprinkler,1510869.04,Weekly,2515.42,4,1937.41,196.38,98794.85,82302.49,Direct Consumers,10680.13,50.16,51.15,52.07,52.22,43.74,40.12,41.57,37.86,48.16
Amara Perera,6180,484.8,Conventional,Divulapitiya,Gampaha,Brinjal,Local,12/07/2023,18/09/2023,2800.45,3052.14,Sandy,5.72,GMO,Variety-3,Unverified,583,3740.96,Chemical,Brand-6,59.36,"10,15,14",Monthly,Soil Application,2823.54,Organic,Pesticide-6,46.54,As needed,Other,1593.76,River,Sprinkler,7991241.67,Weekly,1404.43,10,1269.6,124.44,29230.96,6972.27,Retail,10832.29,53.31,53.38,38.35,56.52,47.14,45.22,45.72,42.61,49.05
Chandana Fernando,7612,30.83,Conventional,Horana,Kalutara,Brinjal,Other,08/01/2024,10/03/2024,53.51,44.26,Sandy,6.7,Hybrid,Variety-10,Own-grown,8,3038.62,Chemical,Brand-7,81.72,"10,10,10",Monthly,Foliar Spray,8507.94,Chemical,Pesticide-6,25.74,Weekly,Spray,1879.65,Well,Drip,128990.39,Daily,5274.26,2,1540.09,231.69,75605.08,53824.43,Retail,20240.56,15.95,-7.27,42.26,34.49,33.17,39.2,38.95,46.16,23.92
Dinesh Kumara,2767,192.0,Conventional,Ududumbara,Kandy,Brinjal,Hybrid,29/02/2024,24/05/2024,1151.37,1106.86,Mixed,5.31,GMO,Variety-8,Own-grown,172,801.51,Organic,Brand-5,30.84,"10,10,10",Weekly,Foliar Spray,5074.22,Organic,Pesticide-9,13.61,Bi-weekly,Other,1205.15,Rainwater Harvesting,Sprinkler,2935004.09,Based on moisture levels,754.16,4,2259.28,491.89,74368.85,57496.69,Direct Consumers,10094.32,49.23,52.63,48.16,49.8,50.59,44.48,45.04,56.96,49.55
Eran Wickramasinghe,5740,465.6,Mixed,Wilgamuwa,Matale,Brinjal,Hybrid,11/11/2024,11/02/2025,2558.34,3264.75,Loamy,6.61,Local,Variety-4,Own-grown,450,451.26,Chemical,Brand-3,29.89,"10,10,10",Weekly,Soil Application,813.26,Chemical,Pesticide-7,44.81,As needed,Drip Irrigation,1424.39,Rainwater Harvesting,Flood Irrigation,7640612.89,Weekly,3982.83,9,2678.52,423.79,139486.24,108707.82,Wholesale,9350.26,58.82,53.47,59.69,81.56,48.74,52.26,47.1,66.76,58.11
Eran Wickramasinghe,4844,512.0,Organic,Tawalantenna,Nuwara Eliya,Brinjal,Local,22/11/2023,03/03/2024,3112.35,2873.9,Loamy,5.78,GMO,Variety-5,Unverified,638,2360.28,Organic,Brand-2,50.75,"10,10,10",Bi-weekly,Soil Application,1172.41,Chemical,Pesticide-4,16.35,Weekly,Other,393.71,Well,Sprinkler,7141836.36,Weekly,1668.05,9,2611.07,192.75,61787.94,32693.86,Direct Consumers,8205.52,48.06,53.47,44.84,58.78,71.25,48.4,46.06,33.87,50.7
Eran Wickramasinghe,4800,747.2,Organic,Bandarawela,Badulla,Brinjal,Hybrid,17/11/2024,09/03/2025,4136.81,5216.01,Sandy,5.16,GMO,Variety-3,Own-grown,725,1906.02,Organic,Brand-6,170.22,"10,10,10",Weekly,Soil Application,2776.7,Organic,Pesticide-7,83.03,Weekly,Spray,1276.9,Canal,Drip,10190030.05,Weekly,450.67,10,1221.28,375.39,66177.5,47554.41,Direct Consumers,7631.57,58.58,53.66,49.2,47.53,46.54,65.38,50.91,66.04,54.2
Bandara Silva,2008,118.4,Mixed,Sewanagala,Monaragala,Brinjal,Hybrid,14/04/2024,28/06/2024,793.57,702.43,Clayey,6.02,Local,Variety-7,Unverified,108,758.76,Chemical,Brand-5,30.61,"10,10,10",Weekly,Soil Application,7910.42,Chemical,Pesticide-8,4.72,Bi-weekly,Spray,746.27,Well,Flood Irrigation,1800893.4,Based on moisture levels,1657.83,10,1765.5,378.39,114909.48,86181.2,Wholesale,12838.78,50.52,51.41,50.14,44.19,65.35,46.48,40.1,57.78,50.23
Chandana Fernando,8748,192.0,Organic,Opanayaka,Ratnapura,Brinjal,Hybrid,19/07/2023,02/10/2023,1309.01,1027.91,Clayey,6.25,Local,Variety-10,Unverified,181,2553.96,Organic,Brand-7,16.48,"10,10,10",Monthly,Soil Application,1642.44,Chemical,Pesticide-7,11.52,Weekly,Spray,715.57,Rainwater Harvesting,Sprinkler,2935604.09,Based on moisture levels,1553.03,2,2474.32,116.44,45451.19,34037.55,Retail,8939.32,46.07,52.69,44.5,61.27,52.32,40.29,50.72,47.92,49.33
Eran Wickramasinghe,2219,176.0,Organic,Rambukkana,Kegalle,Brinjal,Local,07/09/2024,09/12/2024,1196.23,1201.88,Loamy,6.49,Hybrid,Variety-9,Certified,178,2490.14,Organic,Brand-9,54.26,"10,10,10",Bi-weekly,Soil Application,8058.54,Organic,Pesticide-5,21.92,Weekly,Drip Irrigation,1344.67,River,Flood Irrigation,2747460.94,Daily,2429.62,6,1271.54,451.94,202247.67,180295.46,Wholesale,15594.51,57.41,52.12,59.56,43.85,44.79,53.83,43.21,60.75,52.81
Dinesh Kumara,9128,523.2,Mixed,Panduwasnuwara,Kurunegala,Brinjal,Local,11/11/2023,22/02/2024,3028.34,3428.03,Clayey,6.76,Hybrid,Variety-8,Unverified,615,3801.17,Chemical,Brand-5,73.97,"10,10,10",Weekly,Soil Application,1219.01,Chemical,Pesticide-7,50.19,Weekly,Spray,1925.49,Canal,Drip,7065771.62,Based on moisture levels,2721.43,4,2775.28,121.81,21493.37,725.15,Direct Consumers,12442.38,55.28,53.37,37.21,54.33,47.74,61.23,58.94,46.66,51.84
Eran Wickramasinghe,2097,577.6,Conventional,Wanathawilluwa,Puttalam,Brinjal,Other,19/08/2023,30/11/2023,4137.63,3223.31,Loamy,6.24,Hybrid,Variety-9,Unverified,671,836.01,Chemical,Brand-2,51.23,"10,10,10",Weekly,Soil Application,1600.92,Chemical,Pesticide-6,20.61,Bi-weekly,Spray,770.18,Rainwater Harvesting,Flood Irrigation,9276993.0,Daily,694.2,8,2084.14,408.83,162914.67,142340.24,Retail,5985.45,47.81,53.6,83.3,61.5,67.01,39.87,48.06,37.45,56.15
Amara Perera,5424,19.04,Conventional,Nochchiyagama,Anuradhapura,Brinjal,Local,16/08/2024,06/11/2024,44.59,48.72,Sandy,5.09,Hybrid,Variety-3,Certified,7,1279.28,Organic,Brand-4,61.79,"10,10,10",Weekly,Soil Application,2473.34,Organic,Pesticide-7,48.18,Bi-weekly,Drip Irrigation,1430.32,Rainwater Harvesting,Drip,113779.5,Based on moisture levels,4808.35,9,2375.72,454.14,190275.58,158902.81,Wholesale,12367.01,24.58,19.93,62.06,34.6,33.02,52.4,38.55,63.23,36.23
Chandana Fernando,3716,83.2,Conventional,Thamankaduwa,Polonnaruwa,Brinjal,Hybrid,18/02/2024,03/05/2024,594.28,493.45,Loamy,5.73,Hybrid,Variety-5,Unverified,96,324.59,Organic,Brand-9,25.36,"10,14,5",Monthly,Foliar Spray,5125.8,Chemical,Pesticide-8,8.66,As needed,Spray,1730.84,River,Drip,1472101.91,Based on moisture levels,1480.84,4,2443.89,363.92,69435.94,50998.31,Direct Consumers,11105.96,50.51,50.84,46.02,42.68,45.26,37.97,41.37,41.47,46.46
Chandana Fernando,9324,784.0,Mixed,Nilaveli,Trincomalee,Brinjal,Other,17/08/2023,16/10/2023,5569.16,5047.78,Clayey,5.4,Hybrid,Variety-3,Unverified,976,611.64,Chemical,Brand-6,242.65,"10,10,10",Bi-weekly,Foliar Spray,4406.42,Chemical,Pesticide-6,88.98,Bi-weekly,Drip Irrigation,1948.95,Canal,Drip,13377707.95,Daily,650.54,2,1415.62,242.68,50399.78,39950.99,Wholesale,9033.17,54.41,53.61,45.69,43.26,45.21,44.51,98.85,41.85,54.22
Eran Wickramasinghe,7679,644.8,Mixed,Valaichchenai,Batticaloa,Brinjal,Local,23/05/2023,05/09/2023,3903.74,3902.56,Loamy,5.27,GMO,Variety-10,Own-grown,652,2529.03,Chemical,Brand-9,181.99,"10,10,10",Bi-weekly,Soil Application,4612.45,Chemical,Pesticide-8,33.33,As needed,Spray,782.56,Well,Flood Irrigation,10603603.44,Daily,2230.34,8,1359.4,457.98,95887.27,74857.69,Wholesale,11513.78,51.44,53.46,49.73,43.54,58.41,43.07,50.1,51.58,50.64
Dinesh Kumara,4336,771.2,Conventional,Lahugala,Ampara,Brinjal,Other,21/11/2023,16/02/2024,5140.45,4563.17,Mixed,6.0,GMO,Variety-2,Unverified,863,1558.25,Chemical,Brand-6,53.31,"7,13,12",Weekly,Soil Application,2181.52,Chemical,Pesticide-7,68.25,As needed,Other,881.8,Rainwater Harvesting,Sprinkler,10902584.11,Daily,1001.28,8,2452.12,367.73,81555.16,56315.35,Wholesale,8074.97,50.4,53.62,50.65,71.33,47.42,50.9,52.07,43.24,52.78
Bandara Silva,4518,734.4,Mixed,Karainagar,Jaffna,Brinjal,Local,07/03/2023,04/06/2023,5252.12,4036.48,Mixed,5.79,GMO,Variety-10,Unverified,869,3017.17,Organic,Brand-2,52.23,"10,10,10",Bi-weekly,Foliar Spray,1642.12,Organic,Pesticide-5,29.51,Weekly,Drip Irrigation,955.54,Well,Sprinkler,10375070.31,Weekly,5629.37,6,1755.9,264.03,78501.4,56721.8,Retail,13000.1,47.17,53.42,45.58,67.73,62.72,46.33,54.53,35.55,51.58
Dinesh Kumara,7337,470.4,Mixed,Kandawalai,Kilinochchi,Brinjal,Local,11/01/2023,04/05/2023,3081.86,2756.73,Loamy,5.26,GMO,Variety-10,Certified,579,3218.57,Chemical,Brand-5,96.55,"10,10,10",Monthly,Soil Application,4708.8,Organic,Pesticide-1,31.28,Weekly,Spray,749.45,River,Drip,7213924.89,Based on moisture levels,3786.04,7,2220.75,398.51,62458.47,34450.36,Direct Consumers,14683.61,49.97,53.14,41.66,46.62,52.08,45.25,47.85,36.94,48.0
Eran Wickramasinghe,2848,291.2,Conventional,Mulliyawalai,Mullaitivu,Brinjal,Hybrid,06/05/2023,19/07/2023,1828.06,1981.03,Clayey,5.81,Hybrid,Variety-9,Unverified,346,1980.66,Chemical,Brand-5,30.07,"10,10,10",Bi-weekly,Foliar Spray,3269.49,Chemical,Pesticide-3,35.53,Weekly,Drip Irrigation,2154.83,Canal,Sprinkler,4655673.17,Based on moisture levels,1648.89,10,2746.19,222.21,72380.46,35864.69,Retail,11800.06,57.21,53.06,43.0,62.79,44.99,51.98,43.16,48.47,51.62
Chandana Fernando,4246,467.2,Conventional,Cheddikulam,Vavuniya,Brinjal,Other,11/11/2024,16/02/2025,2501.27,2841.13,Clayey,6.97,GMO,Variety-7,Own-grown,423,1785.85,Organic,Brand-5,95.1,"10,10,10",Weekly,Soil Application,5952.79,Chemical,Pesticide-1,19.45,Bi-weekly,Spray,848.68,Well,Flood Irrigation,8024431.07,Weekly,663.34,7,2271.84,294.93,119337.53,94183.99,Direct Consumers,11522.5,51.66,53.31,52.98,47.19,64.75,40.9,48.14,60.32,52.12
Eran Wickramasinghe,7299,193.6,Organic,Thirukkethiswaram,Mannar,Brinjal,Hybrid,01/06/2023,05/08/2023,1330.67,1234.13,Clayey,6.95,GMO,Variety-1,Own-grown,217,3052.51,Chemical,Brand-8,35.7,"12,15,6",Weekly,Foliar Spray,3972.39,Chemical,Pesticide-4,16.61,As needed,Spray,1820.65,Well,Flood Irrigation,3316479.95,Weekly,2834.94,8,2453.69,253.01,133713.25,102403.24,Retail,14134.18,53.92,52.32,51.17,49.23,49.05,43.7,42.11,48.01,50.14
Amara Perera,5184,521.6,Mixed,Angunakolapelessa,Hambantota,Brinjal,Hybrid,17/03/2023,09/07/2023,2949.45,3526.45,Mixed,5.01,Hybrid,Variety-4,Unverified,586,1111.57,Organic,Brand-1,137.67,"10,10,10",Bi-weekly,Soil Application,3344.54,Chemical,Pesticide-8,23.44,As needed,Drip Irrigation,525.38,River,Flood Irrigation,7586177.6,Based on moisture levels,2191.92,7,2269.42,344.89,153186.34,130126.99,Wholesale,9442.83,56.89,53.49,63.87,45.35,65.71,58.08,50.48,51.97,56.01
Chandana Fernando,6443,169.6,Mixed,Weligama,Matara,Brinjal,Other,04/11/2023,18/01/2024,1012.36,912.01,Sandy,5.65,Hybrid,Variety-8,Own-grown,211,1806.0,Chemical,Brand-7,30.67,"11,14,11",Weekly,Soil Application,4534.41,Chemical,Pesticide-2,19.46,Weekly,Drip Irrigation,1471.58,Rainwater Harvesting,Drip,2222343.45,Daily,2330.8,9,1450.78,396.29,143155.8,119955.99,Wholesale,11593.57,46.25,52.15,57.2,47.13,43.05,49.63,40.84,31.69,47.87
Eran Wickramasinghe,9808,433.6,Organic,Hiniduma,Galle,Brinjal,Hybrid,09/04/2024,26/06/2024,2675.8,2730.04,Clayey,6.11,Hybrid,Variety-5,Unverified,485,2084.9,Chemical,Brand-9,117.91,"10,10,10",Bi-weekly,Soil Application,5558.23,Chemical,Pesticide-5,42.57,As needed,Other,1686.64,Rainwater Harvesting,Flood Irrigation,6124436.71,Based on moisture levels,1482.6,4,2555.03,330.82,114900.4,93867.91,Wholesale,13367.4,53.32,53.2,50.74,44.28,46.83,55.12,54.76,47.32,51.45
Amara Perera,2094,470.4,Mixed,Homagama,Colombo,Brinjal,Hybrid,05/11/2023,15/02/2024,2929.2,2832.26,Sandy,6.59,Hybrid,Variety-8,Own-grown,562,927.94,Organic,Brand-3,44.13,"12,15,14",Weekly,Soil Application,1785.29,Organic,Pesticide-9,40.19,Bi-weekly,Spray,1537.69,River,Sprinkler,7897974.57,Daily,860.14,4,1639.28,195.86,72405.52,60737.34,Retail,6750.34,51.2,53.53,54.58,62.05,48.21,41.6,55.37,40.27,52.22
Bandara Silva,4428,488.0,Conventional,Ja-Ela,Gampaha,Brinjal,Hybrid,03/05/2023,14/07/2023,3451.11,3100.5,Sandy,6.57,Local,Variety-4,Own-grown,448,511.47,Organic,Brand-8,40.84,"10,10,10",Bi-weekly,Soil Application,1181.42,Chemical,Pesticide-10,45.48,Weekly,Drip Irrigation,1386.43,Rainwater Harvesting,Drip,7705888.38,Weekly,1554.3,9,1091.59,429.71,152783.39,138325.46,Retail,5725.21,53.76,53.61,84.04,67.14,47.71,48.39,46.67,62.76,58.49
Chandana Fernando,4159,616.0,Mixed,Matugama,Kalutara,Brinjal,Local,09/02/2024,30/04/2024,4412.96,4365.65,Mixed,5.26,Local,Variety-3,Own-grown,777,3780.09,Chemical,Brand-4,155.42,"9,13,15",Weekly,Soil Application,2880.56,Organic,Pesticide-5,22.33,Bi-weekly,Spray,649.29,Well,Drip,10174062.68,Weekly,1720.15,5,2904.05,227.94,119823.5,96273.16,Direct Consumers,11934.14,59.4,53.49,52.77,46.42,75.57,52.54,59.32,47.19,56.12
Chandana Fernando,9968,40.31,Organic,Wattegama,Kandy,Brinjal,Hybrid,20/11/2023,18/02/2024,41.3,35.52,Clayey,6.41,GMO,Variety-2,Certified,7,685.32,Chemical,Brand-10,43.13,"10,10,10",Weekly,Foliar Spray,2199.12,Chemical,Pesticide-4,33.7,Bi-weekly,Spray,947.04,Canal,Drip,83223.16,Weekly,986.11,7,2308.8,414.54,117389.44,96410.25,Wholesale,7126.39,11.68,27.04,63.38,34.61,33.03,52.18,38.54,40.69,33.48
Amara Perera,8879,616.0,Conventional,Dambulla,Matale,Brinjal,Hybrid,14/06/2023,18/09/2023,3646.74,3530.4,Sandy,5.22,GMO,Variety-3,Certified,606,2760.81,Organic,Brand-6,176.72,"10,10,10",Weekly,Foliar Spray,5049.53,Organic,Pesticide-10,59.48,Weekly,Spray,1745.41,Well,Sprinkler,8053728.26,Daily,833.46,2,1137.37,284.57,37711.22,25047.27,Wholesale,11526.58,48.97,53.42,41.32,42.91,45.78,53.97,80.68,49.67,51.41
Eran Wickramasinghe,9312,723.2,Mixed,Haggala,Nuwara Eliya,Brinjal,Hybrid,06/02/2023,04/06/2023,5181.9,4433.49,Mixed,6.86,Hybrid,Variety-4,Certified,782,1906.47,Chemical,Brand-6,148.89,"10,10,10",Bi-weekly,Soil Application,5084.75,Chemical,Pesticide-9,65.45,As needed,Other,1397.08,Well,Drip,11911005.59,Daily,3888.57,4,2280.95,290.71,63799.22,42398.55,Wholesale,14557.82,52.04,53.41,42.76,47.15,47.62,43.71,64.96,47.8,50.58
Amara Perera,7513,625.6,Organic,Haputale,Badulla,Brinjal,Other,02/08/2024,29/10/2024,3350.8,3603.76,Mixed,6.49,Hybrid,Variety-6,Own-grown,789,1464.23,Chemical,Brand-10,170.59,"10,10,10",Weekly,Foliar Spray,3806.41,Chemical,Pesticide-10,76.79,Weekly,Drip Irrigation,1687.2,Rainwater Harvesting,Sprinkler,9892912.23,Daily,1329.7,4,1880.19,351.11,116733.54,100925.24,Direct Consumers,10167.73,49.2,53.48,56.38,43.4,43.06,42.48,59.99,34.63,49.94
Amara Perera,9200,150.4,Organic,Kataragama,Monaragala,Brinjal,Other,14/09/2024,14/12/2024,982.94,888.15,Clayey,5.4,Hybrid,Variety-7,Certified,159,403.69,Chemical,Brand-10,17.17,"10,10,10",Bi-weekly,Foliar Spray,2856.97,Chemical,Pesticide-3,17.32,As needed,Other,1254.89,River,Drip,2258993.4,Based on moisture levels,1445.39,7,2643.33,437.17,84496.22,60031.97,Wholesale,8604.27,50.31,52.56,50.65,56.66,44.01,46.96,41.45,46.8,49.65
Chandana Fernando,4013,472.0,Conventional,Pelmadulla,Ratnapura,Brinjal,Other,26/08/2024,07/11/2024,3176.55,3206.64,Clayey,6.93,GMO,Variety-10,Unverified,420,3917.38,Chemical,Brand-5,117.32,"9,15,11",Weekly,Foliar Spray,3349.92,Organic,Pesticide-7,37.67,Weekly,Other,656.97,Rainwater Harvesting,Sprinkler,6366204.92,Based on moisture levels,1653.89,5,1553.52,475.25,110970.88,93625.12,Retail,11131.68,57.14,53.39,53.44,46.09,51.42,64.11,53.77,71.3,55.13
Dinesh Kumara,5504,390.4,Organic,Yatiyanthota,Kegalle,Brinjal,Other,30/01/2024,01/05/2024,2206.49,2271.25,Loamy,5.58,Hybrid,Variety-2,Certified,395,3492.09,Organic,Brand-7,25.16,"10,10,10",Monthly,Soil Application,1573.17,Organic,Pesticide-5,46.9,Bi-weekly,Drip Irrigation,1751.87,Rainwater Harvesting,Sprinkler,6262075.27,Daily,3184.3,2,1982.64,179.37,73921.96,59955.25,Wholesale,11984.07,49.64,53.15,46.82,73.35,43.39,42.24,65.61,48.77,52.82
Chandana Fernando,4253,192.0,Mixed,Ganewatta,Kurunegala,Brinjal,Local,07/12/2023,12/03/2024,1021.07,1029.96,Mixed,6.86,GMO,Variety-1,Certified,237,395.26,Chemical,Brand-7,45.97,"14,13,9",Weekly,Foliar Spray,5441.87,Chemical,Pesticide-8,12.85,Weekly,Other,756.01,River,Flood Irrigation,2674227.22,Weekly,2538.64,6,1942.69,167.15,76200.34,55412.42,Direct Consumers,11074.47,46.15,52.42,46.82,43.96,50.33,45.72,42.53,31.97,46.52
Chandana Fernando,5847,144.0,Conventional,Kalpitiya,Puttalam,Brinjal,Local,04/04/2024,14/06/2024,831.24,847.28,Clayey,7.0,Local,Variety-1,Certified,138,2866.73,Organic,Brand-1,40.72,"10,10,10",Bi-weekly,Foliar Spray,9023.48,Chemical,Pesticide-5,14.62,As needed,Spray,1598.16,Canal,Drip,2339549.19,Based on moisture levels,1089.01,8,2886.05,408.62,99735.97,62070.19,Wholesale,17463.43,50.15,51.1,44.0,43.27,45.48,42.15,40.95,53.42,47.04
Eran Wickramasinghe,4668,321.6,Mixed,Kekirawa,Anuradhapura,Brinjal,Hybrid,26/06/2024,11/09/2024,2230.5,1862.16,Sandy,5.51,GMO,Variety-2,Certified,313,2785.32,Chemical,Brand-7,35.42,"10,10,10",Weekly,Soil Application,3380.47,Chemical,Pesticide-2,39.92,Weekly,Other,1601.13,Canal,Flood Irrigation,44356496.78,Daily,3116.32,4,2881.37,465.86,198917.56,176508.84,Direct Consumers,13764.61,49.43,52.86,62.01,57.02,43.0,-7.52,49.56,51.15,48.36
Bandara Silva,5666,35.46,Mixed,Manampitiya,Polonnaruwa,Brinjal,Hybrid,10/10/2023,20/12/2023,55.8,48.17,Loamy,6.71,GMO,Variety-3,Certified,10,887.44,Organic,Brand-1,100.91,"10,10,10",Bi-weekly,Foliar Spray,3268.64,Chemical,Pesticide-10,22.78,Bi-weekly,Drip Irrigation,637.81,Rainwater Harvesting,Flood Irrigation,128086.88,Based on moisture levels,1581.34,3,1283.75,223.82,35258.36,25031.88,Retail,7658.98,15.35,32.6,43.45,34.46,33.26,44.31,38.8,37.61,31.84
Chandana Fernando,4205,356.8,Mixed,Seruwila,Trincomalee,Brinjal,Other,05/09/2023,11/12/2023,1921.93,1957.41,Sandy,5.75,Hybrid,Variety-8,Unverified,354,1731.32,Organic,Brand-6,81.02,"12,15,15",Bi-weekly,Soil Application,5647.69,Organic,Pesticide-6,43.91,Bi-weekly,Spray,1612.6,Canal,Sprinkler,5852617.1,Weekly,849.79,10,1845.81,418.94,86657.74,58358.24,Direct Consumers,11687.21,47.09,53.05,46.8,44.72,42.55,37.86,43.1,46.13,46.55
Bandara Silva,8987,579.2,Conventional,Oddamavadi,Batticaloa,Brinjal,Hybrid,10/11/2024,18/02/2025,3108.81,3675.41,Loamy,6.82,Local,Variety-9,Own-grown,638,3155.37,Chemical,Brand-1,170.79,"10,10,10",Weekly,Foliar Spray,9398.43,Organic,Pesticide-9,40.51,As needed,Other,1546.86,Rainwater Harvesting,Sprinkler,7787337.35,Daily,1907.78,4,2449.67,220.03,28163.84,2356.72,Wholesale,18458.11,53.7,53.18,37.35,43.57,52.65,59.19,60.42,48.89,50.86
Amara Perera,2671,336.0,Organic,Padiyatalawa,Ampara,Brinjal,Other,23/12/2023,21/03/2024,2145.95,2177.9,Loamy,5.06,GMO,Variety-10,Own-grown,315,820.0,Organic,Brand-4,62.1,"13,15,11",Monthly,Soil Application,2362.02,Organic,Pesticide-8,26.06,As needed,Drip Irrigation,808.99,River,Flood Irrigation,4435496.78,Daily,3999.85,2,1225.87,434.42,58816.12,48373.52,Retail,9216.73,54.74,53.29,47.3,49.44,51.08,62.14,64.49,62.68,54.4
Dinesh Kumara,3953,409.6,Conventional,Tellippalai,Jaffna,Brinjal,Hybrid,19/05/2024,03/08/2024,2672.36,2770.89,Sandy,5.74,GMO,Variety-7,Own-grown,417,2367.94,Organic,Brand-8,43.03,"8,15,13",Bi-weekly,Soil Application,2268.84,Organic,Pesticide-7,40.35,As needed,Other,1164.55,Well,Sprinkler,5926053.27,Daily,1354.89,5,1893.76,331.11,96280.17,79655.15,Wholesale,9049.98,56.92,53.42,54.2,62.14,47.82,58.51,51.69,59.46,55.32
Bandara Silva,2700,793.6,Conventional,Mallavi,Kilinochchi,Brinjal,Other,21/10/2023,16/01/2024,5702.55,4429.57,Sandy,6.35,Local,Variety-8,Certified,897,1215.34,Organic,Brand-1,183.92,"10,10,10",Weekly,Foliar Spray,4396.82,Organic,Pesticide-5,69.99,Bi-weekly,Drip Irrigation,1139.31,River,Flood Irrigation,12631140.21,Daily,1231.26,10,1536.26,391.82,47296.59,23951.26,Wholesale,9518.99,47.82,53.57,41.99,44.69,46.64,40.37,49.02,39.06,46.85
Dinesh Kumara,6054,110.4,Organic,Karunaddukerny,Mullaitivu,Brinjal,Local,21/12/2024,16/04/2025,648.75,743.78,Mixed,6.06,Hybrid,Variety-7,Certified,123,2053.86,Chemical,Brand-8,22.21,"10,10,10",Weekly,Soil Application,4230.5,Organic,Pesticide-6,8.52,Bi-weekly,Spray,945.13,River,Sprinkler,1523684.36,Based on moisture levels,581.27,8,1925.18,453.51,106819.75,83607.55,Direct Consumers,9735.94,56.71,52.1,53.78,48.76,51.89,61.7,40.64,52.32,52.69
Eran Wickramasinghe,4858,728.0,Organic,Omanthai,Vavuniya,Brinjal,Other,22/12/2023,30/03/2024,4486.27,5082.67,Loamy,6.69,Local,Variety-7,Own-grown,834,1057.59,Chemical,Brand-2,142.96,"10,15,9",Bi-weekly,Soil Application,6273.03,Chemical,Pesticide-3,77.4,Bi-weekly,Spray,1578.58,River,Sprinkler,11429412.18,Daily,1552.5,4,1558.71,242.2,65108.2,48411.66,Direct Consumers,12020.41,58.59,53.54,44.92,49.65,47.16,54.96,68.84,52.88,54.21
Eran Wickramasinghe,5611,545.6,Mixed,Pesalai,Mannar,Brinjal,Other,17/12/2024,13/03/2025,3302.45,3190.33,Clayey,5.95,Hybrid,Variety-1,Unverified,533,1853.14,Chemical,Brand-2,148.23,"10,10,10",Weekly,Soil Application,6439.42,Chemical,Pesticide-8,53.78,As needed,Drip Irrigation,2061.47,Well,Drip,7135526.25,Daily,931.39,4,2609.58,329.1,124399.8,102676.06,Direct Consumers,13895.0,49.87,53.27,51.45,43.58,45.77,55.33,57.51,51.58,51.06
Amara Perera,1426,387.2,Conventional,Beliatta,Hambantota,Brinjal,Local,31/01/2023,11/04/2023,2767.84,2335.23,Mixed,5.29,GMO,Variety-7,Unverified,406,2562.55,Chemical,Brand-9,80.15,"10,10,10",Weekly,Foliar Spray,2965.37,Chemical,Pesticide-5,42.83,Weekly,Drip Irrigation,919.66,Rainwater Harvesting,Flood Irrigation,5762418.11,Weekly,1353.96,2,2953.74,321.36,126802.23,113093.21,Direct Consumers,10755.28,51.28,53.24,57.53,46.87,44.72,48.84,66.38,48.79,52.86
Bandara Silva,9302,187.2,Organic,Kamburupitiya,Matara,Brinjal,Other,23/02/2023,31/05/2023,1066.5,1201.59,Sandy,5.06,Hybrid,Variety-9,Certified,185,404.58,Organic,Brand-8,52.28,"10,10,10",Monthly,Soil Application,6880.65,Chemical,Pesticide-8,6.36,Weekly,Other,573.59,Rainwater Harvesting,Flood Irrigation,2393739.8,Based on moisture levels,692.36,7,2401.48,413.31,60983.89,35622.35,Wholesale,10952.66,54.26,52.63,43.42,44.21,74.13,63.84,42.53,57.67,52.56
Chandana Fernando,6136,10.0,Mixed,Yakkalamulla,Galle,Brinjal,Hybrid,03/05/2024,11/07/2024,60.45,63.52,Sandy,5.15,Hybrid,Variety-7,Own-grown,11,2490.55,Organic,Brand-8,177.51,"10,10,10",Monthly,Soil Application,5319.79,Organic,Pesticide-1,72.12,Weekly,Other,2223.27,Rainwater Harvesting,Flood Irrigation,171653.32,Weekly,3517.89,9,2577.13,399.53,203648.43,166902.76,Retail,16128.63,53.75,19.92,57.2,34.41,32.99,43.38,38.59,49.06,41.43
Dinesh Kumara,4188,716.8,Conventional,Hanwella,Colombo,Brinjal,Other,11/12/2024,04/03/2025,4929.42,3847.15,Sandy,5.28,Local,Variety-9,Certified,745,1192.32,Chemical,Brand-8,203.8,"10,10,10",Monthly,Foliar Spray,2740.94,Organic,Pesticide-7,62.9,Weekly,Spray,1759.76,Canal,Sprinkler,9268510.89,Daily,2047.2,5,2358.15,337.61,143126.38,123595.41,Direct Consumers,10098.37,46.17,53.5,60.88,42.43,46.18,50.36,56.84,41.76,50.61
Dinesh Kumara,7544,121.6,Organic,Minuwangoda,Gampaha,Brinjal,Local,29/04/2023,24/07/2023,826.16,658.42,Mixed,5.41,Local,Variety-8,Certified,120,2181.86,Chemical,Brand-1,19.82,"6,15,6",Bi-weekly,Foliar Spray,2334.74,Organic,Pesticide-2,12.54,Bi-weekly,Drip Irrigation,1283.78,Canal,Drip,1789356.84,Based on moisture levels,1786.98,3,2859.18,478.54,82725.21,66560.31,Wholesale,10446.54,46.54,51.73,49.48,48.64,44.28,43.05,43.67,45.62,47.47
Bandara Silva,1288,412.8,Mixed,Bulathsinhala,Kalutara,Brinjal,Local,06/11/2023,16/02/2024,2403.93,2675.04,Sandy,6.71,GMO,Variety-9,Own-grown,486,2064.92,Organic,Brand-7,75.75,"10,10,10",Bi-weekly,Foliar Spray,1851.44,Chemical,Pesticide-6,48.81,Weekly,Drip Irrigation,1562.66,River,Drip,6149809.25,Daily,4108.42,7,1018.4,336.79,107415.8,90699.56,Wholesale,10605.84,54.73,53.32,53.71,49.55,44.79,53.45,47.57,45.83,51.73
Eran Wickramasinghe,6710,364.8,Organic,Hanwella,Colombo,Brinjal,Local,27/10/2024,20/01/2025,2610.5,2603.53,Sandy,5.0,Local,Variety-5,Certified,456,2788.68,Chemical,Brand-4,103.88,"10,10,10",Bi-weekly,Foliar Spray,8731.05,Chemical,Pesticide-5,37.03,As needed,Other,1447.72,Well,Flood Irrigation,6269451.33,Daily,4045.21,8,2453.45,154.11,40680.42,4040.16,Retail,19466.11,59.78,52.85,37.5,45.11,48.18,50.39,46.21,48.28,50.07
